TABLE_NAME,COLUMN_NAME,DATA_TYPE,MAX_LENGTH,PRECISION,SCALE,IS_NULLABLE,COLUMN_ORDER,ROW_COUNT
'Invoice by Epi$',Project_Key,FLOAT,,,,1,1,1008385
'Invoice by Epi$',Project,TEXT,127,,,1,2,1008385
'Invoice by Epi$',Queue,TEXT,127,,,1,3,1008385
'Invoice by Epi$',Reference,FLOAT,,,,1,4,1008385
'Invoice by Epi$',File_Name,TEXT,127,,,1,5,1008385
'Invoice by Epi$',Billing Type,TEXT,127,,,1,6,1008385
'Invoice by Epi$',Price Per Chart,FLOAT,,,,1,7,1008385
'Invoice by Epi$',Invoice No,FLOAT,,,,1,8,1008385
'Invoice by Epi$',Invoice Date,TEXT,127,,,1,9,1008385
'Invoice by Epi$',Invoice Comments,TEXT,127,,,1,10,1008385
231 Records Correction,ChartId,NUMBER,,38,0,0,1,231
231 Records Correction,Importeddate,TEXT,255,,,0,2,231
231 Records Correction,ReceivedDate,TEXT,255,,,0,3,231
231 Records Correction,Encounters,TEXT,25,,,0,4,231
231 Records Correction,L1StartDate,TEXT,255,,,1,5,231
231 Records Correction,L1EndDate,TEXT,255,,,1,6,231
231 Records Correction,L1EmpID,TEXT,25,,,0,7,231
231 Records Correction,L1NumberOfDxCodes,TEXT,25,,,0,8,231
231 Records Correction,L1CompletionDate,TEXT,255,,,1,9,231
231 Records Correction,column10,TEXT,16777216,,,1,10,231
231 Records Correction,Importeddate2,TEXT,255,,,0,11,231
231 Records Correction,ReceivedDate2,TEXT,255,,,0,12,231
231 Records Correction,Encounters2,TEXT,255,,,0,13,231
231 Records Correction,L1StartDate2,TEXT,255,,,0,14,231
231 Records Correction,L1EndDate2,TEXT,255,,,0,15,231
231 Records Correction,L1EmpID2,TEXT,25,,,0,16,231
231 Records Correction,L1NumberOfDxCodes2,TEXT,255,,,0,17,231
231 Records Correction,L1CompletionDate2,TEXT,255,,,0,18,231
A,ID,NUMBER,,38,0,1,1,5
AHN_File_update,ChartId,FLOAT,,,,1,1,59
AHN_File_update,ClientKey,FLOAT,,,,1,2,59
AHN_File_update,Client,TEXT,127,,,1,3,59
AHN_File_update,ProjectKey,FLOAT,,,,1,4,59
AHN_File_update,Project,TEXT,127,,,1,5,59
AHN_File_update,Queue,TEXT,127,,,1,6,59
AHN_File_update,ClientMarket,TEXT,127,,,1,7,59
AHN_File_update,ClientReference,FLOAT,,,,1,8,59
AHN_File_update,OldFileName,TEXT,127,,,1,9,59
AHN_File_update,NewFileName,TEXT,127,,,1,10,59
AdminErrorStatus,Id,NUMBER,,38,0,0,1,3
AdminErrorStatus,ErrorStatus,TEXT,50,,,1,2,3
AlterMail_Config,Id,NUMBER,,38,0,0,1,3
AlterMail_Config,JobName,TEXT,250,,,1,2,3
AlterMail_Config,MailAddress,TEXT,500,,,1,3,3
Archive_Prior_2024_ChartAudit,Id,TEXT,255,,,0,1,1087
Archive_Prior_2024_ChartAudit,ChartMoreInfoId,TEXT,255,,,0,2,1087
Archive_Prior_2024_ChartAudit,PageNumbers,TEXT,50,,,0,3,1087
Archive_Prior_2024_ChartAudit,CorrectedValue,TEXT,50,,,0,4,1087
Archive_Prior_2024_ChartAudit,Comments,TEXT,16777216,,,0,5,1087
Archive_Prior_2024_ChartAudit,AdditionalComments,TEXT,16777216,,,1,6,1087
Archive_Prior_2024_ChartAudit,ErrorCategoryId,NUMBER,,38,0,0,7,1087
Archive_Prior_2024_ChartAudit,ErrorSubCategoryId,NUMBER,,38,0,0,8,1087
Archive_Prior_2024_ChartAudit,LastUpdatedDate,TIMESTAMP_NTZ,,,,1,9,1087
Archive_Prior_2024_ChartAudit,L3LevelDisagreeId,NUMBER,,38,0,1,10,1087
Archive_Prior_2024_ChartAudit,IsOpen,TEXT,2,,,1,11,1087
Archive_Prior_2024_ChartAudit,IsAgree,BOOLEAN,,,,1,12,1087
Archive_Prior_2024_ChartAudit,AgreeDisAgreeReason,TEXT,500,,,1,13,1087
Archive_Prior_2024_ChartAudit,Agreestatus,TEXT,50,,,1,14,1087
Archive_Prior_2024_ChartAudit,IsOpenAdmin,BOOLEAN,,,,1,15,1087
Archive_Prior_2024_ChartAudit,ErrorStatusAdmin,TEXT,255,,,1,16,1087
Archive_Prior_2024_ChartAudit,Rationale,TEXT,500,,,1,17,1087
Archive_Prior_2024_ChartAudit,AdminAuditedBy,TEXT,255,,,1,18,1087
Archive_Prior_2024_ChartAudit,AdminAuditedDate,TIMESTAMP_NTZ,,,,1,19,1087
Archive_Prior_2024_ChartAudit,FinalError,TEXT,15,,,1,20,1087
Archive_Prior_2024_ChartAudit,L1L2_ErrorClosingDate,TIMESTAMP_NTZ,,,,1,21,1087
Archive_Prior_2024_ChartAudit_All,Id,TEXT,255,,,0,1,2521538
Archive_Prior_2024_ChartAudit_All,ChartMoreInfoId,TEXT,255,,,0,2,2521538
Archive_Prior_2024_ChartAudit_All,PageNumbers,TEXT,50,,,0,3,2521538
Archive_Prior_2024_ChartAudit_All,CorrectedValue,TEXT,50,,,0,4,2521538
Archive_Prior_2024_ChartAudit_All,Comments,TEXT,16777216,,,0,5,2521538
Archive_Prior_2024_ChartAudit_All,AdditionalComments,TEXT,16777216,,,1,6,2521538
Archive_Prior_2024_ChartAudit_All,ErrorCategoryId,NUMBER,,38,0,0,7,2521538
Archive_Prior_2024_ChartAudit_All,ErrorSubCategoryId,NUMBER,,38,0,0,8,2521538
Archive_Prior_2024_ChartAudit_All,LastUpdatedDate,TIMESTAMP_NTZ,,,,1,9,2521538
Archive_Prior_2024_ChartAudit_All,L3LevelDisagreeId,NUMBER,,38,0,1,10,2521538
Archive_Prior_2024_ChartAudit_All,IsOpen,TEXT,2,,,1,11,2521538
Archive_Prior_2024_ChartAudit_All,IsAgree,BOOLEAN,,,,1,12,2521538
Archive_Prior_2024_ChartAudit_All,AgreeDisAgreeReason,TEXT,500,,,1,13,2521538
Archive_Prior_2024_ChartAudit_All,Agreestatus,TEXT,50,,,1,14,2521538
Archive_Prior_2024_ChartAudit_All,IsOpenAdmin,BOOLEAN,,,,1,15,2521538
Archive_Prior_2024_ChartAudit_All,ErrorStatusAdmin,TEXT,255,,,1,16,2521538
Archive_Prior_2024_ChartAudit_All,Rationale,TEXT,500,,,1,17,2521538
Archive_Prior_2024_ChartAudit_All,AdminAuditedBy,TEXT,255,,,1,18,2521538
Archive_Prior_2024_ChartAudit_All,AdminAuditedDate,TIMESTAMP_NTZ,,,,1,19,2521538
Archive_Prior_2024_ChartAudit_All,FinalError,TEXT,15,,,1,20,2521538
Archive_Prior_2024_ChartAudit_All,L1L2_ErrorClosingDate,TIMESTAMP_NTZ,,,,1,21,2521538
Archive_Prior_2024_ChartInfo,Id,TEXT,255,,,0,1,31410734
Archive_Prior_2024_ChartInfo,ClientProjectId,NUMBER,,38,0,0,2,31410734
Archive_Prior_2024_ChartInfo,ClientMarket,TEXT,512,,,1,3,31410734
Archive_Prior_2024_ChartInfo,ReceivedDate,TIMESTAMP_NTZ,,,,0,4,31410734
Archive_Prior_2024_ChartInfo,ClientReference,TEXT,40,,,1,5,31410734
Archive_Prior_2024_ChartInfo,FileName,TEXT,512,,,0,6,31410734
Archive_Prior_2024_ChartInfo,NoOfPages,NUMBER,,38,0,1,7,31410734
Archive_Prior_2024_ChartInfo,OverallStatus,TEXT,512,,,1,8,31410734
Archive_Prior_2024_ChartInfo,UploadedDate,TIMESTAMP_NTZ,,,,0,9,31410734
Archive_Prior_2024_ChartInfo,UploadedBy,TEXT,255,,,0,10,31410734
Archive_Prior_2024_ChartInfo,Page,TEXT,10,,,1,11,31410734
Archive_Prior_2024_ChartInfo,Specialty,TEXT,255,,,1,12,31410734
Archive_Prior_2024_ChartInfo,Complexity,TEXT,255,,,1,13,31410734
Archive_Prior_2024_ChartInfo,Clinic,TEXT,255,,,1,14,31410734
Archive_Prior_2024_ChartInfo,NEWID,TEXT,400,,,1,15,31410734
Archive_Prior_2024_ChartInfo,Billing_Type,TEXT,250,,,1,16,31410734
Archive_Prior_2024_ChartInfo,Price_Per_Chart,NUMBER,,9,2,1,17,31410734
Archive_Prior_2024_ChartInfo,Invoice,TEXT,50,,,1,18,31410734
Archive_Prior_2024_ChartInfo,Invoice_Date,TEXT,255,,,1,19,31410734
Archive_Prior_2024_ChartInfo,Invoice_Comments,TEXT,250,,,1,20,31410734
Archive_Prior_2024_ChartInfo,EmeraldBarcode,TEXT,255,,,1,21,31410734
Archive_Prior_2024_ChartInfo,ChartType,TEXT,255,,,1,22,31410734
Archive_Prior_2024_ChartInfo,LastModifiedDate,TEXT,255,,,1,23,31410734
Archive_Prior_2024_ChartInfo,PriorityOrder,TEXT,255,,,1,24,31410734
Archive_Prior_2024_ChartInfo_All,Id,TEXT,255,,,0,1,39041187
Archive_Prior_2024_ChartInfo_All,ClientProjectId,NUMBER,,38,0,0,2,39041187
Archive_Prior_2024_ChartInfo_All,ClientMarket,TEXT,512,,,1,3,39041187
Archive_Prior_2024_ChartInfo_All,ReceivedDate,TIMESTAMP_NTZ,,,,0,4,39041187
Archive_Prior_2024_ChartInfo_All,ClientReference,TEXT,40,,,1,5,39041187
Archive_Prior_2024_ChartInfo_All,FileName,TEXT,512,,,0,6,39041187
Archive_Prior_2024_ChartInfo_All,NoOfPages,NUMBER,,38,0,1,7,39041187
Archive_Prior_2024_ChartInfo_All,OverallStatus,TEXT,512,,,1,8,39041187
Archive_Prior_2024_ChartInfo_All,UploadedDate,TIMESTAMP_NTZ,,,,0,9,39041187
Archive_Prior_2024_ChartInfo_All,UploadedBy,TEXT,255,,,0,10,39041187
Archive_Prior_2024_ChartInfo_All,Page,TEXT,10,,,1,11,39041187
Archive_Prior_2024_ChartInfo_All,Specialty,TEXT,255,,,1,12,39041187
Archive_Prior_2024_ChartInfo_All,Complexity,TEXT,255,,,1,13,39041187
Archive_Prior_2024_ChartInfo_All,Clinic,TEXT,255,,,1,14,39041187
Archive_Prior_2024_ChartInfo_All,NEWID,TEXT,400,,,1,15,39041187
Archive_Prior_2024_ChartInfo_All,Billing_Type,TEXT,250,,,1,16,39041187
Archive_Prior_2024_ChartInfo_All,Price_Per_Chart,NUMBER,,9,2,1,17,39041187
Archive_Prior_2024_ChartInfo_All,Invoice,TEXT,50,,,1,18,39041187
Archive_Prior_2024_ChartInfo_All,Invoice_Date,TEXT,255,,,1,19,39041187
Archive_Prior_2024_ChartInfo_All,Invoice_Comments,TEXT,250,,,1,20,39041187
Archive_Prior_2024_ChartInfo_All,EmeraldBarcode,TEXT,255,,,1,21,39041187
Archive_Prior_2024_ChartInfo_All,ChartType,TEXT,255,,,1,22,39041187
Archive_Prior_2024_ChartInfo_All,LastModifiedDate,TEXT,255,,,1,23,39041187
Archive_Prior_2024_ChartInfo_All,PriorityOrder,TEXT,255,,,1,24,39041187
Archive_Prior_2024_ChartMoreInfo,Id,TEXT,255,,,0,1,36566606
Archive_Prior_2024_ChartMoreInfo,ChartId,TEXT,255,,,0,2,36566606
Archive_Prior_2024_ChartMoreInfo,LevelStatusId,NUMBER,,38,0,0,3,36566606
Archive_Prior_2024_ChartMoreInfo,LevelStatusCommentId,NUMBER,,38,0,1,4,36566606
Archive_Prior_2024_ChartMoreInfo,LevelUpdatedBy,TEXT,255,,,0,5,36566606
Archive_Prior_2024_ChartMoreInfo,LevelNumber,NUMBER,,38,0,0,6,36566606
Archive_Prior_2024_ChartMoreInfo,LevelStartDate,TIMESTAMP_NTZ,,,,1,7,36566606
Archive_Prior_2024_ChartMoreInfo,LevelEndDate,TIMESTAMP_NTZ,,,,1,8,36566606
Archive_Prior_2024_ChartMoreInfo,NumberOfDxCode,NUMBER,,38,0,1,9,36566606
Archive_Prior_2024_ChartMoreInfo,CompletionDate,TIMESTAMP_NTZ,,,,1,10,36566606
Archive_Prior_2024_ChartMoreInfo,InvalidDate,TIMESTAMP_NTZ,,,,1,11,36566606
Archive_Prior_2024_ChartMoreInfo,HoldDate,TIMESTAMP_NTZ,,,,1,12,36566606
Archive_Prior_2024_ChartMoreInfo,StickyNotes,TEXT,3000,,,1,13,36566606
Archive_Prior_2024_ChartProduction,Id,TEXT,255,,,0,1,37996437
Archive_Prior_2024_ChartProduction,ChartMoreInfoId,TEXT,255,,,1,2,37996437
Archive_Prior_2024_ChartProduction,LevelNumber,NUMBER,,38,0,1,3,37996437
Archive_Prior_2024_ChartProduction,StartDatetime,TIMESTAMP_NTZ,,,,1,4,37996437
Archive_Prior_2024_ChartProduction,EndDatetime,TIMESTAMP_NTZ,,,,1,5,37996437
Archive_Prior_2024_ChartProduction,LevelStatusId,NUMBER,,38,0,1,6,37996437
Archive_Prior_2024_ChartProduction,LevelStatusCommentId,NUMBER,,38,0,1,7,37996437
Archive_Prior_2024_ChartProduction,LevelUpdatedBy,TEXT,255,,,0,8,37996437
Archive_Prior_2024_ChartProduction,Session_Duration,TEXT,255,,,1,9,37996437
Archive_Prior_2024_ChartProduction,LastSessionStart,TIMESTAMP_NTZ,,,,1,10,37996437
Archive_Prior_2024_ChartProduction,LastSessionEnd,TIMESTAMP_NTZ,,,,1,11,37996437
Archive_Prior_2024_DeallocatedCharts,ClientKey,TEXT,20,,,0,1,12422707
Archive_Prior_2024_DeallocatedCharts,Client,TEXT,255,,,0,2,12422707
Archive_Prior_2024_DeallocatedCharts,ProjectKey,TEXT,20,,,0,3,12422707
Archive_Prior_2024_DeallocatedCharts,Project,TEXT,255,,,0,4,12422707
Archive_Prior_2024_DeallocatedCharts,ChartId,TEXT,255,,,0,5,12422707
Archive_Prior_2024_DeallocatedCharts,OverallStatus,TEXT,512,,,0,6,12422707
Archive_Prior_2024_DeallocatedCharts,DeletedDate,TIMESTAMP_NTZ,,,,0,7,12422707
Archive_Prior_2024_DeallocatedCharts,Uploadedby,TEXT,100,,,1,8,12422707
Archive_Prior_2024_DeallocatedCharts,ClientReference,TEXT,40,,,1,9,12422707
Archive_Prior_2024_DeallocatedCharts,FileName,TEXT,512,,,1,10,12422707
Archive_Prior_2024_DeallocatedCharts,ReceivedDate,TIMESTAMP_NTZ,,,,1,11,12422707
Archive_Prior_2024_DeallocatedCharts,ClientProjectId,NUMBER,,38,0,1,12,12422707
Archive_Prior_2024_Del_ChartAudit,ChartAuditId,TEXT,255,,,1,1,5350
Archive_Prior_2024_Del_ChartAudit,ChartMoreInfoId,TEXT,255,,,1,2,5350
Archive_Prior_2024_Del_ChartAudit,PageNumbers,TEXT,50,,,1,3,5350
Archive_Prior_2024_Del_ChartAudit,CorrectedValue,TEXT,50,,,1,4,5350
Archive_Prior_2024_Del_ChartAudit,Comments,TEXT,16777216,,,1,5,5350
Archive_Prior_2024_Del_ChartAudit,AdditionalComments,TEXT,16777216,,,1,6,5350
Archive_Prior_2024_Del_ChartAudit,ErrorCategoryId,NUMBER,,38,0,1,7,5350
Archive_Prior_2024_Del_ChartAudit,ErrorSubCategoryId,NUMBER,,38,0,1,8,5350
Archive_Prior_2024_Del_ChartAudit,LastUpdatedDate,TIMESTAMP_NTZ,,,,1,9,5350
Archive_Prior_2024_Del_ChartAudit,L3LevelDisagreeId,NUMBER,,38,0,1,10,5350
Archive_Prior_2024_Del_ChartAudit,IsOpen,TEXT,2,,,1,11,5350
Archive_Prior_2024_Del_ChartAudit,IsAgree,BOOLEAN,,,,1,12,5350
Archive_Prior_2024_Del_ChartAudit,AgreeDisAgreeReason,TEXT,500,,,1,13,5350
Archive_Prior_2024_Del_ChartAudit,Agreestatus,TEXT,50,,,1,14,5350
Archive_Prior_2024_Del_ChartAudit,IsOpenAdmin,BOOLEAN,,,,1,15,5350
Archive_Prior_2024_Del_ChartAudit,ErrorStatusAdmin,TEXT,255,,,1,16,5350
Archive_Prior_2024_Del_ChartAudit,Rationale,TEXT,500,,,1,17,5350
Archive_Prior_2024_Del_ChartAudit,AdminAuditedBy,TEXT,255,,,1,18,5350
Archive_Prior_2024_Del_ChartAudit,AdminAuditedDate,TIMESTAMP_NTZ,,,,1,19,5350
Archive_Prior_2024_Del_ChartAudit,FinalError,TEXT,15,,,1,20,5350
Archive_Prior_2024_Del_ChartAudit,L1L2_ErrorClosingDate,TIMESTAMP_NTZ,,,,1,21,5350
Archive_Prior_2024_Del_ChartAudit,AuditDate,TIMESTAMP_NTZ,,,,1,22,5350
Archive_Prior_2024_Del_ChartInfo,ChartInfoId,TEXT,255,,,1,1,11262779
Archive_Prior_2024_Del_ChartInfo,ClientProjectId,NUMBER,,38,0,1,2,11262779
Archive_Prior_2024_Del_ChartInfo,ClientMarket,TEXT,512,,,1,3,11262779
Archive_Prior_2024_Del_ChartInfo,ReceivedDate,TIMESTAMP_NTZ,,,,1,4,11262779
Archive_Prior_2024_Del_ChartInfo,ClientReference,TEXT,40,,,1,5,11262779
Archive_Prior_2024_Del_ChartInfo,FileName,TEXT,512,,,1,6,11262779
Archive_Prior_2024_Del_ChartInfo,NoOfPages,NUMBER,,38,0,1,7,11262779
Archive_Prior_2024_Del_ChartInfo,OverallStatus,TEXT,512,,,1,8,11262779
Archive_Prior_2024_Del_ChartInfo,UploadedDate,TIMESTAMP_NTZ,,,,1,9,11262779
Archive_Prior_2024_Del_ChartInfo,UploadedBy,TEXT,255,,,1,10,11262779
Archive_Prior_2024_Del_ChartInfo,Page,TEXT,10,,,1,11,11262779
Archive_Prior_2024_Del_ChartInfo,Specialty,TEXT,255,,,1,12,11262779
Archive_Prior_2024_Del_ChartInfo,Complexity,TEXT,255,,,1,13,11262779
Archive_Prior_2024_Del_ChartInfo,Clinic,TEXT,255,,,1,14,11262779
Archive_Prior_2024_Del_ChartInfo,NEWID,TEXT,400,,,1,15,11262779
Archive_Prior_2024_Del_ChartInfo,AuditDate,TIMESTAMP_NTZ,,,,1,16,11262779
Archive_Prior_2024_Del_ChartInfo,AuditUser,TEXT,100,,,1,17,11262779
Archive_Prior_2024_Del_ChartInfo,Billing_Type,TEXT,250,,,1,18,11262779
Archive_Prior_2024_Del_ChartInfo,Price_Per_Chart,NUMBER,,9,2,1,19,11262779
Archive_Prior_2024_Del_ChartInfo,Invoice,TEXT,50,,,1,20,11262779
Archive_Prior_2024_Del_ChartInfo,Invoice_Date,TEXT,255,,,1,21,11262779
Archive_Prior_2024_Del_ChartInfo,Invoice_Comments,TEXT,250,,,1,22,11262779
Archive_Prior_2024_Del_ChartMoreInfo,ChartMoreInfoId,TEXT,255,,,1,1,1438507
Archive_Prior_2024_Del_ChartMoreInfo,ChartId,TEXT,255,,,1,2,1438507
Archive_Prior_2024_Del_ChartMoreInfo,LevelStatusId,NUMBER,,38,0,1,3,1438507
Archive_Prior_2024_Del_ChartMoreInfo,LevelStatusCommentId,NUMBER,,38,0,1,4,1438507
Archive_Prior_2024_Del_ChartMoreInfo,LevelUpdatedBy,TEXT,255,,,1,5,1438507
Archive_Prior_2024_Del_ChartMoreInfo,LevelNumber,NUMBER,,38,0,1,6,1438507
Archive_Prior_2024_Del_ChartMoreInfo,LevelStartDate,TIMESTAMP_NTZ,,,,1,7,1438507
Archive_Prior_2024_Del_ChartMoreInfo,LevelEndDate,TIMESTAMP_NTZ,,,,1,8,1438507
Archive_Prior_2024_Del_ChartMoreInfo,NumberOfDxCode,NUMBER,,38,0,1,9,1438507
Archive_Prior_2024_Del_ChartMoreInfo,CompletionDate,TIMESTAMP_NTZ,,,,1,10,1438507
Archive_Prior_2024_Del_ChartMoreInfo,InvalidDate,TIMESTAMP_NTZ,,,,1,11,1438507
Archive_Prior_2024_Del_ChartMoreInfo,HoldDate,TIMESTAMP_NTZ,,,,1,12,1438507
Archive_Prior_2024_Del_ChartMoreInfo,Stickyes,TEXT,3000,,,1,13,1438507
Archive_Prior_2024_Del_ChartMoreInfo,AuditDate,TIMESTAMP_NTZ,,,,1,14,1438507
Archive_Prior_2024_Del_ChartProduction,ChartProductionId,TEXT,255,,,1,1,1553466
Archive_Prior_2024_Del_ChartProduction,ChartMoreInfoId,TEXT,255,,,1,2,1553466
Archive_Prior_2024_Del_ChartProduction,LevelNumber,NUMBER,,38,0,1,3,1553466
Archive_Prior_2024_Del_ChartProduction,StartDatetime,TIMESTAMP_NTZ,,,,1,4,1553466
Archive_Prior_2024_Del_ChartProduction,EndDatetime,TIMESTAMP_NTZ,,,,1,5,1553466
Archive_Prior_2024_Del_ChartProduction,LevelStatusId,NUMBER,,38,0,1,6,1553466
Archive_Prior_2024_Del_ChartProduction,LevelStatusCommentId,NUMBER,,38,0,1,7,1553466
Archive_Prior_2024_Del_ChartProduction,LevelUpdatedBy,TEXT,255,,,1,8,1553466
Archive_Prior_2024_Del_ChartProduction,Session_Duration,TEXT,255,,,1,9,1553466
Archive_Prior_2024_Del_ChartProduction,LastSessionStart,TIMESTAMP_NTZ,,,,1,10,1553466
Archive_Prior_2024_Del_ChartProduction,LastSessionEnd,TIMESTAMP_NTZ,,,,1,11,1553466
Archive_Prior_2024_Del_ChartProduction,AuditDate,TIMESTAMP_NTZ,,,,1,12,1553466
B,ID,NUMBER,,38,0,1,1,4
BulkUserAccessDetailLog,Id,NUMBER,,38,0,0,1,99164
BulkUserAccessDetailLog,BulkUserAccessMasterID,NUMBER,,38,0,0,2,99164
BulkUserAccessDetailLog,UserName,TEXT,15,,,0,3,99164
BulkUserAccessDetailLog,ProjectKey,TEXT,20,,,0,4,99164
BulkUserAccessDetailLog,QueueName,TEXT,255,,,0,5,99164
BulkUserAccessDetailLog,LevelNumber,NUMBER,,38,0,0,6,99164
BulkUserAccessDetailLog,Comment,TEXT,255,,,1,7,99164
BulkUserAccessDetailLog,CreatedDate,TIMESTAMP_NTZ,,,,0,8,99164
BulkUserAccessDetailLog,UpdatedDate,TIMESTAMP_NTZ,,,,1,9,99164
BulkUserAccessMaster,Id,NUMBER,,38,0,0,1,976
BulkUserAccessMaster,FileName,TEXT,255,,,0,2,976
BulkUserAccessMaster,RecordCount,NUMBER,,38,0,0,3,976
BulkUserAccessMaster,Success,NUMBER,,38,0,1,4,976
BulkUserAccessMaster,Failed,NUMBER,,38,0,1,5,976
BulkUserAccessMaster,UploadedBy,TEXT,255,,,0,6,976
BulkUserAccessMaster,UploadedDate,TIMESTAMP_NTZ,,,,0,7,976
BulkUserAccessMaster,UpdatedDate,TIMESTAMP_NTZ,,,,1,8,976
ChartAudit,Id,TEXT,255,,,0,1,521420
ChartAudit,ChartMoreInfoId,TEXT,255,,,0,2,521420
ChartAudit,PageNumbers,TEXT,50,,,0,3,521420
ChartAudit,CorrectedValue,TEXT,50,,,0,4,521420
ChartAudit,Comments,TEXT,16777216,,,0,5,521420
ChartAudit,AdditionalComments,TEXT,16777216,,,1,6,521420
ChartAudit,ErrorCategoryId,NUMBER,,38,0,0,7,521420
ChartAudit,ErrorSubCategoryId,NUMBER,,38,0,0,8,521420
ChartAudit,LastUpdatedDate,TIMESTAMP_NTZ,,,,1,9,521420
ChartAudit,L3LevelDisagreeId,NUMBER,,38,0,1,10,521420
ChartAudit,IsOpen,TEXT,2,,,1,11,521420
ChartAudit,IsAgree,BOOLEAN,,,,1,12,521420
ChartAudit,AgreeDisAgreeReason,TEXT,500,,,1,13,521420
ChartAudit,Agreestatus,TEXT,50,,,1,14,521420
ChartAudit,IsOpenAdmin,BOOLEAN,,,,1,15,521420
ChartAudit,ErrorStatusAdmin,TEXT,255,,,1,16,521420
ChartAudit,Rationale,TEXT,500,,,1,17,521420
ChartAudit,AdminAuditedBy,TEXT,255,,,1,18,521420
ChartAudit,AdminAuditedDate,TIMESTAMP_NTZ,,,,1,19,521420
ChartAudit,FinalError,TEXT,15,,,1,20,521420
ChartAudit,L1L2_ErrorClosingDate,TIMESTAMP_NTZ,,,,1,21,521420
ChartAuditDuplicate,Id,TEXT,255,,,0,1,8053
ChartAuditDuplicate,ChartMoreInfoId,TEXT,255,,,0,2,8053
ChartAuditDuplicate,PageNumbers,TEXT,50,,,0,3,8053
ChartAuditDuplicate,CorrectedValue,TEXT,50,,,0,4,8053
ChartAuditDuplicate,Comments,TEXT,16777216,,,0,5,8053
ChartAuditDuplicate,AdditionalComments,TEXT,16777216,,,1,6,8053
ChartAuditDuplicate,ErrorCategoryId,NUMBER,,38,0,0,7,8053
ChartAuditDuplicate,ErrorSubCategoryId,NUMBER,,38,0,0,8,8053
ChartAuditDuplicate,LastUpdatedDate,TIMESTAMP_NTZ,,,,1,9,8053
ChartAuditDuplicate,L3LevelDisagreeId,NUMBER,,38,0,1,10,8053
ChartAudit_250325,Id,TEXT,255,,,0,1,526832
ChartAudit_250325,ChartMoreInfoId,TEXT,255,,,0,2,526832
ChartAudit_250325,PageNumbers,TEXT,50,,,0,3,526832
ChartAudit_250325,CorrectedValue,TEXT,50,,,0,4,526832
ChartAudit_250325,Comments,TEXT,16777216,,,0,5,526832
ChartAudit_250325,AdditionalComments,TEXT,16777216,,,1,6,526832
ChartAudit_250325,ErrorCategoryId,NUMBER,,38,0,0,7,526832
ChartAudit_250325,ErrorSubCategoryId,NUMBER,,38,0,0,8,526832
ChartAudit_250325,LastUpdatedDate,TIMESTAMP_NTZ,,,,1,9,526832
ChartAudit_250325,L3LevelDisagreeId,NUMBER,,38,0,1,10,526832
ChartAudit_250325,IsOpen,TEXT,2,,,1,11,526832
ChartAudit_250325,IsAgree,BOOLEAN,,,,1,12,526832
ChartAudit_250325,AgreeDisAgreeReason,TEXT,500,,,1,13,526832
ChartAudit_250325,Agreestatus,TEXT,50,,,1,14,526832
ChartAudit_250325,IsOpenAdmin,BOOLEAN,,,,1,15,526832
ChartAudit_250325,ErrorStatusAdmin,TEXT,255,,,1,16,526832
ChartAudit_250325,Rationale,TEXT,500,,,1,17,526832
ChartAudit_250325,AdminAuditedBy,TEXT,255,,,1,18,526832
ChartAudit_250325,AdminAuditedDate,TIMESTAMP_NTZ,,,,1,19,526832
ChartAudit_250325,FinalError,TEXT,15,,,1,20,526832
ChartAudit_250325,L1L2_ErrorClosingDate,TIMESTAMP_NTZ,,,,1,21,526832
ChartAudit_Archive,Id,TEXT,255,,,0,1,10875
ChartAudit_Archive,ChartMoreInfoId,TEXT,255,,,0,2,10875
ChartAudit_Archive,PageNumbers,TEXT,50,,,0,3,10875
ChartAudit_Archive,CorrectedValue,TEXT,50,,,0,4,10875
ChartAudit_Archive,Comments,TEXT,16777216,,,0,5,10875
ChartAudit_Archive,AdditionalComments,TEXT,16777216,,,1,6,10875
ChartAudit_Archive,ErrorCategoryId,NUMBER,,38,0,0,7,10875
ChartAudit_Archive,ErrorSubCategoryId,NUMBER,,38,0,0,8,10875
ChartAudit_Archive,LastUpdatedDate,TIMESTAMP_NTZ,,,,1,9,10875
ChartAudit_Archive,L3LevelDisagreeId,NUMBER,,38,0,1,10,10875
ChartAudit_Archive,IsOpen,TEXT,2,,,1,11,10875
ChartAudit_Archive,IsAgree,BOOLEAN,,,,1,12,10875
ChartAudit_Archive,AgreeDisAgreeReason,TEXT,500,,,1,13,10875
ChartAudit_Archive,Agreestatus,TEXT,50,,,1,14,10875
ChartAudit_Archive,IsOpenAdmin,BOOLEAN,,,,1,15,10875
ChartAudit_Archive,ErrorStatusAdmin,TEXT,255,,,1,16,10875
ChartAudit_Archive,Rationale,TEXT,500,,,1,17,10875
ChartAudit_Archive,AdminAuditedBy,TEXT,255,,,1,18,10875
ChartAudit_Archive,AdminAuditedDate,TIMESTAMP_NTZ,,,,1,19,10875
ChartAudit_Archive,FinalError,TEXT,15,,,1,20,10875
ChartAudit_Archive,L1L2_ErrorClosingDate,TIMESTAMP_NTZ,,,,1,21,10875
ChartAudit_Archive,ArchiveNo,NUMBER,,38,0,1,22,10875
ChartAudit_Archive_InActiveData,Id,TEXT,255,,,0,1,1104363
ChartAudit_Archive_InActiveData,ChartMoreInfoId,TEXT,255,,,0,2,1104363
ChartAudit_Archive_InActiveData,PageNumbers,TEXT,50,,,0,3,1104363
ChartAudit_Archive_InActiveData,CorrectedValue,TEXT,50,,,0,4,1104363
ChartAudit_Archive_InActiveData,Comments,TEXT,16777216,,,0,5,1104363
ChartAudit_Archive_InActiveData,AdditionalComments,TEXT,16777216,,,1,6,1104363
ChartAudit_Archive_InActiveData,ErrorCategoryId,NUMBER,,38,0,0,7,1104363
ChartAudit_Archive_InActiveData,ErrorSubCategoryId,NUMBER,,38,0,0,8,1104363
ChartAudit_Archive_InActiveData,LastUpdatedDate,TIMESTAMP_NTZ,,,,1,9,1104363
ChartAudit_Archive_InActiveData,L3LevelDisagreeId,NUMBER,,38,0,1,10,1104363
ChartAudit_Archive_InActiveData,IsOpen,TEXT,2,,,1,11,1104363
ChartAudit_Archive_InActiveData,IsAgree,BOOLEAN,,,,1,12,1104363
ChartAudit_Archive_InActiveData,AgreeDisAgreeReason,TEXT,500,,,1,13,1104363
ChartAudit_Archive_InActiveData,Agreestatus,TEXT,50,,,1,14,1104363
ChartAudit_Archive_InActiveData,IsOpenAdmin,BOOLEAN,,,,1,15,1104363
ChartAudit_Archive_InActiveData,ErrorStatusAdmin,TEXT,255,,,1,16,1104363
ChartAudit_Archive_InActiveData,Rationale,TEXT,500,,,1,17,1104363
ChartAudit_Archive_InActiveData,AdminAuditedBy,TEXT,255,,,1,18,1104363
ChartAudit_Archive_InActiveData,AdminAuditedDate,TIMESTAMP_NTZ,,,,1,19,1104363
ChartAudit_Archive_InActiveData,FinalError,TEXT,15,,,1,20,1104363
ChartAudit_Archive_InActiveData,L1L2_ErrorClosingDate,TIMESTAMP_NTZ,,,,1,21,1104363
ChartAudit_Archive_InActiveData,ArchiveNo,NUMBER,,38,0,1,22,1104363
ChartAudit_queueBk,Id,TEXT,255,,,0,1,77
ChartAudit_queueBk,ChartMoreInfoId,TEXT,255,,,0,2,77
ChartAudit_queueBk,PageNumbers,TEXT,50,,,0,3,77
ChartAudit_queueBk,CorrectedValue,TEXT,50,,,0,4,77
ChartAudit_queueBk,Comments,TEXT,16777216,,,0,5,77
ChartAudit_queueBk,AdditionalComments,TEXT,16777216,,,1,6,77
ChartAudit_queueBk,ErrorCategoryId,NUMBER,,38,0,0,7,77
ChartAudit_queueBk,ErrorSubCategoryId,NUMBER,,38,0,0,8,77
ChartAudit_queueBk,LastUpdatedDate,TIMESTAMP_NTZ,,,,1,9,77
ChartAudit_queueBk,L3LevelDisagreeId,NUMBER,,38,0,1,10,77
ChartAudit_queueBk,IsOpen,TEXT,2,,,1,11,77
ChartAudit_queueBk,IsAgree,BOOLEAN,,,,1,12,77
ChartAudit_queueBk,AgreeDisAgreeReason,TEXT,500,,,1,13,77
ChartAudit_queueBk,Agreestatus,TEXT,50,,,1,14,77
ChartAudit_queueBk,IsOpenAdmin,BOOLEAN,,,,1,15,77
ChartAudit_queueBk,ErrorStatusAdmin,TEXT,255,,,1,16,77
ChartAudit_queueBk,Rationale,TEXT,500,,,1,17,77
ChartAudit_queueBk,AdminAuditedBy,TEXT,255,,,1,18,77
ChartAudit_queueBk,AdminAuditedDate,TIMESTAMP_NTZ,,,,1,19,77
ChartAudit_queueBk,FinalError,TEXT,15,,,1,20,77
ChartAudit_queueBk,L1L2_ErrorClosingDate,TIMESTAMP_NTZ,,,,1,21,77
ChartBulkUploadLog,ChartId,NUMBER,,38,0,1,1,88519
ChartBulkUploadLog,DatauploadedData,TIMESTAMP_NTZ,,,,1,2,88519
ChartFinding_CurrentQueue,AuditID,FLOAT,,,,1,1,77
ChartFinding_CurrentQueue,Client Key,TEXT,127,,,1,2,77
ChartFinding_CurrentQueue,Client,TEXT,127,,,1,3,77
ChartFinding_CurrentQueue,Project Key,TEXT,127,,,1,4,77
ChartFinding_CurrentQueue,Project,TEXT,127,,,1,5,77
ChartFinding_CurrentQueue,Queue,TEXT,127,,,1,6,77
ChartFinding_CurrentQueue,Reference,TEXT,127,,,1,7,77
ChartFinding_CurrentQueue,GMPI,TEXT,127,,,1,8,77
ChartFinding_CurrentQueue,Filename,TEXT,127,,,1,9,77
ChartFinding_CurrentQueue,ReceivedDate,TIMESTAMP_NTZ,,,,1,10,77
ChartFinding_CurrentQueue,ReviewDate,TIMESTAMP_NTZ,,,,1,11,77
ChartFinding_CurrentQueue,ProcessedBy,TEXT,127,,,1,12,77
ChartFinding_CurrentQueue,AuditDate,TEXT,127,,,1,13,77
ChartFinding_CurrentQueue,AuditedBy,TEXT,127,,,1,14,77
ChartFinding_CurrentQueue,MasterAuditDate,TEXT,127,,,1,15,77
ChartFinding_CurrentQueue,MasterAuditedBy,TEXT,127,,,1,16,77
ChartFinding_CurrentQueue,PageNumbers,TEXT,127,,,1,17,77
ChartFinding_CurrentQueue,CorrectedValue,TEXT,127,,,1,18,77
ChartFinding_CurrentQueue,ErrorDescription,TEXT,127,,,1,19,77
ChartFinding_CurrentQueue,AdditionalComments,TEXT,127,,,1,20,77
ChartFinding_CurrentQueue,ErrorCategory,TEXT,127,,,1,21,77
ChartFinding_CurrentQueue,ErrorSubcategory,TEXT,127,,,1,22,77
ChartFinding_CurrentQueue,L3LevelDisagree,TEXT,127,,,1,23,77
ChartFinding_CurrentQueue,Open/Closed,TEXT,127,,,1,24,77
ChartFinding_CurrentQueue,Agree/Disagree,TEXT,127,,,1,25,77
ChartFinding_CurrentQueue,Root_Cause / Disagree_Reason,TEXT,127,,,1,26,77
ChartFinding_CurrentQueue,Disagree Admin Date,TEXT,127,,,1,27,77
ChartFinding_CurrentQueue,Disagree Admin Name,TEXT,127,,,1,28,77
ChartFinding_CurrentQueue,Admin Open/Closed,TEXT,127,,,1,29,77
ChartFinding_CurrentQueue,ErrorStatusAdmin,TEXT,127,,,1,30,77
ChartFinding_CurrentQueue,Disagree Rationale,TEXT,127,,,1,31,77
ChartFinding_CurrentQueue,ErrorClosedDate,TEXT,127,,,1,32,77
ChartFinding_CurrentQueue,ChartId,FLOAT,,,,1,33,77
ChartFinding_CurrentQueue,ClientProjectid,NUMBER,,38,0,1,34,77
ChartFinding_NewQueue,AuditID,FLOAT,,,,1,1,77
ChartFinding_NewQueue,Client Key,TEXT,127,,,1,2,77
ChartFinding_NewQueue,Client,TEXT,127,,,1,3,77
ChartFinding_NewQueue,Project Key,TEXT,127,,,1,4,77
ChartFinding_NewQueue,Project,TEXT,127,,,1,5,77
ChartFinding_NewQueue,Queue,TEXT,127,,,1,6,77
ChartFinding_NewQueue,Reference,TEXT,127,,,1,7,77
ChartFinding_NewQueue,GMPI,TEXT,127,,,1,8,77
ChartFinding_NewQueue,Filename,TEXT,127,,,1,9,77
ChartFinding_NewQueue,ReceivedDate,TIMESTAMP_NTZ,,,,1,10,77
ChartFinding_NewQueue,ReviewDate,TIMESTAMP_NTZ,,,,1,11,77
ChartFinding_NewQueue,ProcessedBy,TEXT,127,,,1,12,77
ChartFinding_NewQueue,AuditDate,TEXT,127,,,1,13,77
ChartFinding_NewQueue,AuditedBy,TEXT,127,,,1,14,77
ChartFinding_NewQueue,MasterAuditDate,TEXT,127,,,1,15,77
ChartFinding_NewQueue,MasterAuditedBy,TEXT,127,,,1,16,77
ChartFinding_NewQueue,PageNumbers,TEXT,127,,,1,17,77
ChartFinding_NewQueue,CorrectedValue,TEXT,127,,,1,18,77
ChartFinding_NewQueue,ErrorDescription,TEXT,127,,,1,19,77
ChartFinding_NewQueue,AdditionalComments,TEXT,127,,,1,20,77
ChartFinding_NewQueue,ErrorCategory,TEXT,127,,,1,21,77
ChartFinding_NewQueue,ErrorSubcategory,TEXT,127,,,1,22,77
ChartFinding_NewQueue,L3LevelDisagree,TEXT,127,,,1,23,77
ChartFinding_NewQueue,Open/Closed,TEXT,127,,,1,24,77
ChartFinding_NewQueue,Agree/Disagree,TEXT,127,,,1,25,77
ChartFinding_NewQueue,Root_Cause / Disagree_Reason,TEXT,127,,,1,26,77
ChartFinding_NewQueue,Disagree Admin Date,TEXT,127,,,1,27,77
ChartFinding_NewQueue,Disagree Admin Name,TEXT,127,,,1,28,77
ChartFinding_NewQueue,Admin Open/Closed,TEXT,127,,,1,29,77
ChartFinding_NewQueue,ErrorStatusAdmin,TEXT,127,,,1,30,77
ChartFinding_NewQueue,Disagree Rationale,TEXT,127,,,1,31,77
ChartFinding_NewQueue,ErrorClosedDate,TEXT,127,,,1,32,77
ChartFinding_NewQueue,ChartId,FLOAT,,,,1,33,77
ChartFinding_NewQueue,ClientProjectid,NUMBER,,38,0,1,34,77
ChartInfo,Id,TEXT,255,,,0,1,11336709
ChartInfo,ClientProjectId,NUMBER,,38,0,0,2,11336709
ChartInfo,ClientMarket,TEXT,512,,,1,3,11336709
ChartInfo,ReceivedDate,TIMESTAMP_NTZ,,,,0,4,11336709
ChartInfo,ClientReference,TEXT,40,,,1,5,11336709
ChartInfo,FileName,TEXT,512,,,0,6,11336709
ChartInfo,NoOfPages,NUMBER,,38,0,1,7,11336709
ChartInfo,OverallStatus,TEXT,512,,,1,8,11336709
ChartInfo,UploadedDate,TIMESTAMP_NTZ,,,,0,9,11336709
ChartInfo,UploadedBy,TEXT,255,,,0,10,11336709
ChartInfo,Page,TEXT,10,,,1,11,11336709
ChartInfo,Specialty,TEXT,255,,,1,12,11336709
ChartInfo,Complexity,TEXT,255,,,1,13,11336709
ChartInfo,Clinic,TEXT,255,,,1,14,11336709
ChartInfo,NEWID,TEXT,36,,,1,15,11336709
ChartInfo,Billing_Type,TEXT,250,,,1,16,11336709
ChartInfo,Price_Per_Chart,NUMBER,,9,2,1,17,11336709
ChartInfo,Invoice,TEXT,50,,,1,18,11336709
ChartInfo,Invoice_Date,TEXT,255,,,1,19,11336709
ChartInfo,Invoice_Comments,TEXT,250,,,1,20,11336709
ChartInfo,EmeraldBarcode,TEXT,255,,,1,21,11336709
ChartInfo,ChartType,TEXT,255,,,1,22,11336709
ChartInfo,LastModifiedDate,TEXT,255,,,1,23,11336709
ChartInfo,PriorityOrder,TEXT,255,,,1,24,11336709
ChartInfo20250318,Id,TEXT,255,,,0,1,11655631
ChartInfo20250318,ClientProjectId,NUMBER,,38,0,0,2,11655631
ChartInfo20250318,ClientMarket,TEXT,512,,,1,3,11655631
ChartInfo20250318,ReceivedDate,TIMESTAMP_NTZ,,,,0,4,11655631
ChartInfo20250318,ClientReference,TEXT,40,,,1,5,11655631
ChartInfo20250318,FileName,TEXT,512,,,0,6,11655631
ChartInfo20250318,NoOfPages,NUMBER,,38,0,1,7,11655631
ChartInfo20250318,OverallStatus,TEXT,512,,,1,8,11655631
ChartInfo20250318,UploadedDate,TIMESTAMP_NTZ,,,,0,9,11655631
ChartInfo20250318,UploadedBy,TEXT,255,,,0,10,11655631
ChartInfo20250318,Page,TEXT,10,,,1,11,11655631
ChartInfo20250318,Specialty,TEXT,255,,,1,12,11655631
ChartInfo20250318,Complexity,TEXT,255,,,1,13,11655631
ChartInfo20250318,Clinic,TEXT,255,,,1,14,11655631
ChartInfo20250318,NEWID,TEXT,36,,,1,15,11655631
ChartInfo20250318,Billing_Type,TEXT,250,,,1,16,11655631
ChartInfo20250318,Price_Per_Chart,NUMBER,,9,2,1,17,11655631
ChartInfo20250318,Invoice,TEXT,50,,,1,18,11655631
ChartInfo20250318,Invoice_Date,TEXT,255,,,1,19,11655631
ChartInfo20250318,Invoice_Comments,TEXT,250,,,1,20,11655631
ChartInfo20250318,EmeraldBarcode,TEXT,255,,,1,21,11655631
ChartInfo20250318,ChartType,TEXT,255,,,1,22,11655631
ChartInfo20250318,LastModifiedDate,TEXT,255,,,1,23,11655631
ChartInfo20250318,PriorityOrder,TEXT,255,,,1,24,11655631
ChartInfo9924,Id,TEXT,255,,,0,1,67104
ChartInfo9924,ClientProjectId,NUMBER,,38,0,0,2,67104
ChartInfo9924,ClientMarket,TEXT,512,,,1,3,67104
ChartInfo9924,ReceivedDate,TIMESTAMP_NTZ,,,,0,4,67104
ChartInfo9924,ClientReference,TEXT,40,,,1,5,67104
ChartInfo9924,FileName,TEXT,512,,,0,6,67104
ChartInfo9924,NoOfPages,NUMBER,,38,0,1,7,67104
ChartInfo9924,OverallStatus,TEXT,512,,,1,8,67104
ChartInfo9924,UploadedDate,TIMESTAMP_NTZ,,,,0,9,67104
ChartInfo9924,UploadedBy,TEXT,255,,,0,10,67104
ChartInfo9924,Page,TEXT,10,,,1,11,67104
ChartInfo9924,Specialty,TEXT,255,,,1,12,67104
ChartInfo9924,Complexity,TEXT,255,,,1,13,67104
ChartInfo9924,Clinic,TEXT,255,,,1,14,67104
ChartInfo9924,NEWID,TEXT,36,,,1,15,67104
ChartInfo9924,Billing_Type,TEXT,250,,,1,16,67104
ChartInfo9924,Price_Per_Chart,NUMBER,,9,2,1,17,67104
ChartInfo9924,Invoice,TEXT,50,,,1,18,67104
ChartInfo9924,Invoice_Date,TEXT,255,,,1,19,67104
ChartInfo9924,Invoice_Comments,TEXT,250,,,1,20,67104
ChartInfo9924,EmeraldBarcode,TEXT,255,,,1,21,67104
ChartInfo9924,ChartType,TEXT,255,,,1,22,67104
ChartInfo9924,LastModifiedDate,TEXT,255,,,1,23,67104
ChartInfo9924,PriorityOrder,TEXT,255,,,1,24,67104
ChartInfoBK25092024,Id,TEXT,255,,,1,1,4593
ChartInfoBK25092024,ClientProjectId,NUMBER,,38,0,0,2,4593
ChartInfoBK25092024,ClientMarket,TEXT,512,,,1,3,4593
ChartInfoBK25092024,ReceivedDate,TIMESTAMP_NTZ,,,,0,4,4593
ChartInfoBK25092024,ClientReference,TEXT,40,,,1,5,4593
ChartInfoBK25092024,FileName,TEXT,512,,,0,6,4593
ChartInfoBK25092024,NoOfPages,NUMBER,,38,0,1,7,4593
ChartInfoBK25092024,OverallStatus,TEXT,512,,,1,8,4593
ChartInfoBK25092024,UploadedDate,TIMESTAMP_NTZ,,,,0,9,4593
ChartInfoBK25092024,UploadedBy,TEXT,255,,,0,10,4593
ChartInfoBK25092024,Page,TEXT,10,,,1,11,4593
ChartInfoBK25092024,Specialty,TEXT,255,,,1,12,4593
ChartInfoBK25092024,Complexity,TEXT,255,,,1,13,4593
ChartInfoBK25092024,Clinic,TEXT,255,,,1,14,4593
ChartInfoBK25092024,NEWID,TEXT,36,,,1,15,4593
ChartInfoBK25092024,Billing_Type,TEXT,250,,,1,16,4593
ChartInfoBK25092024,Price_Per_Chart,NUMBER,,9,2,1,17,4593
ChartInfoBK25092024,Invoice,TEXT,50,,,1,18,4593
ChartInfoBK25092024,Invoice_Date,TEXT,255,,,1,19,4593
ChartInfoBK25092024,Invoice_Comments,TEXT,250,,,1,20,4593
ChartInfoBK25092024,EmeraldBarcode,TEXT,255,,,1,21,4593
ChartInfoBK25092024,ChartType,TEXT,255,,,1,22,4593
ChartInfoBK25092024,LastModifiedDate,TEXT,255,,,1,23,4593
ChartInfoBK25092024,PriorityOrder,TEXT,255,,,1,24,4593
ChartInfoCompexityStage_07102024,Id,NUMBER,,38,0,0,1,174516
ChartInfoCompexityStage_07102024,ChartId,TEXT,255,,,0,2,174516
ChartInfoCompexityStage_07102024,Complexity,TEXT,255,,,0,3,174516
ChartInfo_250325,Id,TEXT,255,,,0,1,11655746
ChartInfo_250325,ClientProjectId,NUMBER,,38,0,0,2,11655746
ChartInfo_250325,ClientMarket,TEXT,512,,,1,3,11655746
ChartInfo_250325,ReceivedDate,TIMESTAMP_NTZ,,,,0,4,11655746
ChartInfo_250325,ClientReference,TEXT,40,,,1,5,11655746
ChartInfo_250325,FileName,TEXT,512,,,0,6,11655746
ChartInfo_250325,NoOfPages,NUMBER,,38,0,1,7,11655746
ChartInfo_250325,OverallStatus,TEXT,512,,,1,8,11655746
ChartInfo_250325,UploadedDate,TIMESTAMP_NTZ,,,,0,9,11655746
ChartInfo_250325,UploadedBy,TEXT,255,,,0,10,11655746
ChartInfo_250325,Page,TEXT,10,,,1,11,11655746
ChartInfo_250325,Specialty,TEXT,255,,,1,12,11655746
ChartInfo_250325,Complexity,TEXT,255,,,1,13,11655746
ChartInfo_250325,Clinic,TEXT,255,,,1,14,11655746
ChartInfo_250325,NEWID,TEXT,36,,,1,15,11655746
ChartInfo_250325,Billing_Type,TEXT,250,,,1,16,11655746
ChartInfo_250325,Price_Per_Chart,NUMBER,,9,2,1,17,11655746
ChartInfo_250325,Invoice,TEXT,50,,,1,18,11655746
ChartInfo_250325,Invoice_Date,TEXT,255,,,1,19,11655746
ChartInfo_250325,Invoice_Comments,TEXT,250,,,1,20,11655746
ChartInfo_250325,EmeraldBarcode,TEXT,255,,,1,21,11655746
ChartInfo_250325,ChartType,TEXT,255,,,1,22,11655746
ChartInfo_250325,LastModifiedDate,TEXT,255,,,1,23,11655746
ChartInfo_250325,PriorityOrder,TEXT,255,,,1,24,11655746
ChartInfo_Archive,Id,TEXT,255,,,0,1,236861
ChartInfo_Archive,ClientProjectId,NUMBER,,38,0,0,2,236861
ChartInfo_Archive,ClientMarket,TEXT,512,,,1,3,236861
ChartInfo_Archive,ReceivedDate,TIMESTAMP_NTZ,,,,0,4,236861
ChartInfo_Archive,ClientReference,TEXT,40,,,1,5,236861
ChartInfo_Archive,FileName,TEXT,512,,,0,6,236861
ChartInfo_Archive,NoOfPages,NUMBER,,38,0,1,7,236861
ChartInfo_Archive,OverallStatus,TEXT,512,,,1,8,236861
ChartInfo_Archive,UploadedDate,TIMESTAMP_NTZ,,,,0,9,236861
ChartInfo_Archive,UploadedBy,TEXT,255,,,0,10,236861
ChartInfo_Archive,Page,TEXT,10,,,1,11,236861
ChartInfo_Archive,Specialty,TEXT,255,,,1,12,236861
ChartInfo_Archive,Complexity,TEXT,255,,,1,13,236861
ChartInfo_Archive,Clinic,TEXT,255,,,1,14,236861
ChartInfo_Archive,ArchiveNo,NUMBER,,38,0,1,15,236861
ChartInfo_Archive_InActiveData,Id,TEXT,255,,,0,1,19257438
ChartInfo_Archive_InActiveData,ClientProjectId,NUMBER,,38,0,0,2,19257438
ChartInfo_Archive_InActiveData,ClientMarket,TEXT,512,,,1,3,19257438
ChartInfo_Archive_InActiveData,ReceivedDate,TIMESTAMP_NTZ,,,,0,4,19257438
ChartInfo_Archive_InActiveData,ClientReference,TEXT,40,,,1,5,19257438
ChartInfo_Archive_InActiveData,FileName,TEXT,512,,,0,6,19257438
ChartInfo_Archive_InActiveData,NoOfPages,NUMBER,,38,0,1,7,19257438
ChartInfo_Archive_InActiveData,OverallStatus,TEXT,512,,,1,8,19257438
ChartInfo_Archive_InActiveData,UploadedDate,TIMESTAMP_NTZ,,,,0,9,19257438
ChartInfo_Archive_InActiveData,UploadedBy,TEXT,255,,,0,10,19257438
ChartInfo_Archive_InActiveData,Page,TEXT,10,,,1,11,19257438
ChartInfo_Archive_InActiveData,Specialty,TEXT,255,,,1,12,19257438
ChartInfo_Archive_InActiveData,Complexity,TEXT,255,,,1,13,19257438
ChartInfo_Archive_InActiveData,Clinic,TEXT,255,,,1,14,19257438
ChartInfo_Archive_InActiveData,ArchiveNo,NUMBER,,38,0,1,15,19257438
ChartInfo_Complexity_Original_20240802,Id,NUMBER,,38,0,0,1,2551956
ChartInfo_Complexity_Original_20240802,ChartId,TEXT,255,,,1,2,2551956
ChartInfo_Complexity_Original_20240802,Complexity,TEXT,255,,,1,3,2551956
ChartInfo_Complexity_Stage,Id,NUMBER,,38,0,0,1,14340
ChartInfo_Complexity_Stage,ChartId,TEXT,255,,,1,2,14340
ChartInfo_Complexity_Stage,Complexity,TEXT,255,,,1,3,14340
ChartInfo_PartiallyDeallocatedChartsBackup,Id,TEXT,255,,,0,1,177
ChartInfo_PartiallyDeallocatedChartsBackup,ClientProjectId,NUMBER,,38,0,0,2,177
ChartInfo_PartiallyDeallocatedChartsBackup,ClientMarket,TEXT,512,,,1,3,177
ChartInfo_PartiallyDeallocatedChartsBackup,ReceivedDate,TIMESTAMP_NTZ,,,,0,4,177
ChartInfo_PartiallyDeallocatedChartsBackup,ClientReference,TEXT,40,,,1,5,177
ChartInfo_PartiallyDeallocatedChartsBackup,FileName,TEXT,512,,,0,6,177
ChartInfo_PartiallyDeallocatedChartsBackup,NoOfPages,NUMBER,,38,0,1,7,177
ChartInfo_PartiallyDeallocatedChartsBackup,OverallStatus,TEXT,512,,,1,8,177
ChartInfo_PartiallyDeallocatedChartsBackup,UploadedDate,TIMESTAMP_NTZ,,,,0,9,177
ChartInfo_PartiallyDeallocatedChartsBackup,UploadedBy,TEXT,255,,,0,10,177
ChartInfo_PartiallyDeallocatedChartsBackup,Page,TEXT,10,,,1,11,177
ChartInfo_PartiallyDeallocatedChartsBackup,Specialty,TEXT,255,,,1,12,177
ChartInfo_PartiallyDeallocatedChartsBackup,Complexity,TEXT,255,,,1,13,177
ChartInfo_PartiallyDeallocatedChartsBackup,Clinic,TEXT,255,,,1,14,177
ChartInfo_PartiallyDeallocatedChartsBackup,NEWID,TEXT,36,,,1,15,177
ChartInfo_PartiallyDeallocatedChartsBackup,Billing_Type,TEXT,250,,,1,16,177
ChartInfo_PartiallyDeallocatedChartsBackup,Price_Per_Chart,NUMBER,,9,2,1,17,177
ChartInfo_PartiallyDeallocatedChartsBackup,Invoice,TEXT,50,,,1,18,177
ChartInfo_PartiallyDeallocatedChartsBackup,Invoice_Date,TEXT,255,,,1,19,177
ChartInfo_PartiallyDeallocatedChartsBackup,Invoice_Comments,TEXT,250,,,1,20,177
ChartInfo_PartiallyDeallocatedChartsBackup,EmeraldBarcode,TEXT,255,,,1,21,177
ChartInfo_PartiallyDeallocatedChartsBackup,ChartType,TEXT,255,,,1,22,177
ChartInfo_PartiallyDeallocatedChartsBackup,LastModifiedDate,TEXT,255,,,1,23,177
ChartInfo_PartiallyDeallocatedChartsBackup,PriorityOrder,TEXT,255,,,1,24,177
ChartInfo_PartiallyDeallocatedChartsBackup_08Jul2023,Id,TEXT,255,,,0,1,1563
ChartInfo_PartiallyDeallocatedChartsBackup_08Jul2023,ClientProjectId,NUMBER,,38,0,0,2,1563
ChartInfo_PartiallyDeallocatedChartsBackup_08Jul2023,ClientMarket,TEXT,512,,,1,3,1563
ChartInfo_PartiallyDeallocatedChartsBackup_08Jul2023,ReceivedDate,TIMESTAMP_NTZ,,,,0,4,1563
ChartInfo_PartiallyDeallocatedChartsBackup_08Jul2023,ClientReference,TEXT,40,,,1,5,1563
ChartInfo_PartiallyDeallocatedChartsBackup_08Jul2023,FileName,TEXT,512,,,0,6,1563
ChartInfo_PartiallyDeallocatedChartsBackup_08Jul2023,NoOfPages,NUMBER,,38,0,1,7,1563
ChartInfo_PartiallyDeallocatedChartsBackup_08Jul2023,OverallStatus,TEXT,512,,,1,8,1563
ChartInfo_PartiallyDeallocatedChartsBackup_08Jul2023,UploadedDate,TIMESTAMP_NTZ,,,,0,9,1563
ChartInfo_PartiallyDeallocatedChartsBackup_08Jul2023,UploadedBy,TEXT,255,,,0,10,1563
ChartInfo_PartiallyDeallocatedChartsBackup_08Jul2023,Page,TEXT,10,,,1,11,1563
ChartInfo_PartiallyDeallocatedChartsBackup_08Jul2023,Specialty,TEXT,255,,,1,12,1563
ChartInfo_PartiallyDeallocatedChartsBackup_08Jul2023,Complexity,TEXT,255,,,1,13,1563
ChartInfo_PartiallyDeallocatedChartsBackup_08Jul2023,Clinic,TEXT,255,,,1,14,1563
ChartInfo_PartiallyDeallocatedChartsBackup_08Jul2023,NEWID,TEXT,36,,,1,15,1563
ChartInfo_PartiallyDeallocatedChartsBackup_08Jul2023,Billing_Type,TEXT,250,,,1,16,1563
ChartInfo_PartiallyDeallocatedChartsBackup_08Jul2023,Price_Per_Chart,NUMBER,,9,2,1,17,1563
ChartInfo_PartiallyDeallocatedChartsBackup_08Jul2023,Invoice,TEXT,50,,,1,18,1563
ChartInfo_PartiallyDeallocatedChartsBackup_08Jul2023,Invoice_Date,TEXT,255,,,1,19,1563
ChartInfo_PartiallyDeallocatedChartsBackup_08Jul2023,Invoice_Comments,TEXT,250,,,1,20,1563
ChartInfo_PartiallyDeallocatedChartsBackup_08Jul2023,EmeraldBarcode,TEXT,255,,,1,21,1563
ChartInfo_PartiallyDeallocatedChartsBackup_08Jul2023,ChartType,TEXT,255,,,1,22,1563
ChartInfo_PartiallyDeallocatedChartsBackup_08Jul2023,LastModifiedDate,TEXT,255,,,1,23,1563
ChartInfo_PartiallyDeallocatedChartsBackup_08Jul2023,PriorityOrder,TEXT,255,,,1,24,1563
ChartInfo_PartiallyDeallocatedChartsBackup_30Aug2023,Id,TEXT,255,,,0,1,635
ChartInfo_PartiallyDeallocatedChartsBackup_30Aug2023,ClientProjectId,NUMBER,,38,0,0,2,635
ChartInfo_PartiallyDeallocatedChartsBackup_30Aug2023,ClientMarket,TEXT,512,,,1,3,635
ChartInfo_PartiallyDeallocatedChartsBackup_30Aug2023,ReceivedDate,TIMESTAMP_NTZ,,,,0,4,635
ChartInfo_PartiallyDeallocatedChartsBackup_30Aug2023,ClientReference,TEXT,40,,,1,5,635
ChartInfo_PartiallyDeallocatedChartsBackup_30Aug2023,FileName,TEXT,512,,,0,6,635
ChartInfo_PartiallyDeallocatedChartsBackup_30Aug2023,NoOfPages,NUMBER,,38,0,1,7,635
ChartInfo_PartiallyDeallocatedChartsBackup_30Aug2023,OverallStatus,TEXT,512,,,1,8,635
ChartInfo_PartiallyDeallocatedChartsBackup_30Aug2023,UploadedDate,TIMESTAMP_NTZ,,,,0,9,635
ChartInfo_PartiallyDeallocatedChartsBackup_30Aug2023,UploadedBy,TEXT,255,,,0,10,635
ChartInfo_PartiallyDeallocatedChartsBackup_30Aug2023,Page,TEXT,10,,,1,11,635
ChartInfo_PartiallyDeallocatedChartsBackup_30Aug2023,Specialty,TEXT,255,,,1,12,635
ChartInfo_PartiallyDeallocatedChartsBackup_30Aug2023,Complexity,TEXT,255,,,1,13,635
ChartInfo_PartiallyDeallocatedChartsBackup_30Aug2023,Clinic,TEXT,255,,,1,14,635
ChartInfo_PartiallyDeallocatedChartsBackup_30Aug2023,NEWID,TEXT,36,,,1,15,635
ChartInfo_PartiallyDeallocatedChartsBackup_30Aug2023,Billing_Type,TEXT,250,,,1,16,635
ChartInfo_PartiallyDeallocatedChartsBackup_30Aug2023,Price_Per_Chart,NUMBER,,9,2,1,17,635
ChartInfo_PartiallyDeallocatedChartsBackup_30Aug2023,Invoice,TEXT,50,,,1,18,635
ChartInfo_PartiallyDeallocatedChartsBackup_30Aug2023,Invoice_Date,TEXT,255,,,1,19,635
ChartInfo_PartiallyDeallocatedChartsBackup_30Aug2023,Invoice_Comments,TEXT,250,,,1,20,635
ChartInfo_PartiallyDeallocatedChartsBackup_30Aug2023,EmeraldBarcode,TEXT,255,,,1,21,635
ChartInfo_PartiallyDeallocatedChartsBackup_30Aug2023,ChartType,TEXT,255,,,1,22,635
ChartInfo_PartiallyDeallocatedChartsBackup_30Aug2023,LastModifiedDate,TEXT,255,,,1,23,635
ChartInfo_PartiallyDeallocatedChartsBackup_30Aug2023,PriorityOrder,TEXT,255,,,1,24,635
ChartInfo_Priority,Id,TEXT,255,,,1,1,5451
ChartInfo_Priority,ClientProjectId,NUMBER,,38,0,1,2,5451
ChartInfo_Priority,ClientMarket,TEXT,512,,,1,3,5451
ChartInfo_Priority,ReceivedDate,TIMESTAMP_NTZ,,,,1,4,5451
ChartInfo_Priority,ClientReference,TEXT,80,,,1,5,5451
ChartInfo_Priority,FileName,TEXT,512,,,1,6,5451
ChartInfo_Priority,NoOfPages,NUMBER,,38,0,1,7,5451
ChartInfo_Priority,OverallStatus,TEXT,512,,,1,8,5451
ChartInfo_Priority,UploadedDate,TIMESTAMP_NTZ,,,,1,9,5451
ChartInfo_Priority,UploadedBy,TEXT,255,,,1,10,5451
ChartInfo_Priority,Page,TEXT,10,,,1,11,5451
ChartInfo_Priority,Specialty,TEXT,255,,,1,12,5451
ChartInfo_Priority,Complexity,TEXT,255,,,1,13,5451
ChartInfo_Priority,Clinic,TEXT,255,,,1,14,5451
ChartInfo_Priority,PriorityOrder,NUMBER,,38,0,1,15,5451
ChartInfo_Priority,NEWID,TEXT,400,,,1,16,5451
ChartInfo_Priority,EmeraldBarcode,TEXT,255,,,1,17,5451
ChartInfo_Priority,ChartType,TEXT,255,,,1,18,5451
ChartInfo_queueBk,Id,TEXT,255,,,0,1,1496
ChartInfo_queueBk,ClientProjectId,NUMBER,,38,0,0,2,1496
ChartInfo_queueBk,ClientMarket,TEXT,512,,,1,3,1496
ChartInfo_queueBk,ReceivedDate,TIMESTAMP_NTZ,,,,0,4,1496
ChartInfo_queueBk,ClientReference,TEXT,40,,,1,5,1496
ChartInfo_queueBk,FileName,TEXT,512,,,0,6,1496
ChartInfo_queueBk,NoOfPages,NUMBER,,38,0,1,7,1496
ChartInfo_queueBk,OverallStatus,TEXT,512,,,1,8,1496
ChartInfo_queueBk,UploadedDate,TIMESTAMP_NTZ,,,,0,9,1496
ChartInfo_queueBk,UploadedBy,TEXT,255,,,0,10,1496
ChartInfo_queueBk,Page,TEXT,10,,,1,11,1496
ChartInfo_queueBk,Specialty,TEXT,255,,,1,12,1496
ChartInfo_queueBk,Complexity,TEXT,255,,,1,13,1496
ChartInfo_queueBk,Clinic,TEXT,255,,,1,14,1496
ChartInfo_queueBk,NEWID,TEXT,400,,,1,15,1496
ChartInfo_queueBk,Billing_Type,TEXT,250,,,1,16,1496
ChartInfo_queueBk,Price_Per_Chart,NUMBER,,9,2,1,17,1496
ChartInfo_queueBk,Invoice,TEXT,50,,,1,18,1496
ChartInfo_queueBk,Invoice_Date,TEXT,255,,,1,19,1496
ChartInfo_queueBk,Invoice_Comments,TEXT,250,,,1,20,1496
ChartInfo_queueBk,EmeraldBarcode,TEXT,255,,,1,21,1496
ChartInfo_queueBk,ChartType,TEXT,255,,,1,22,1496
ChartInfo_queueBk,LastModifiedDate,TEXT,255,,,1,23,1496
ChartInvUpd_error,ClientProjectId,TEXT,255,,,1,1,31747
ChartInvUpd_error,ProjectKey,TEXT,10,,,1,2,31747
ChartInvUpd_error,Queue,TEXT,127,,,1,3,31747
ChartInvUpd_error,Billing_Type,TEXT,125,,,1,4,31747
ChartInvUpd_error,Price_Per_Chart,NUMBER,,9,2,1,5,31747
ChartInvUpd_error,Invoice,TEXT,50,,,1,6,31747
ChartInvUpd_error,Invoice_Date,TEXT,255,,,1,7,31747
ChartInvUpd_error,Invoice_Comments,TEXT,125,,,1,8,31747
ChartInvUpd_error,ClientReference,TEXT,250,,,1,9,31747
ChartInvUpd_error,FileName,TEXT,256,,,1,10,31747
ChartInvUpd_error,error_remarks,TEXT,100,,,1,11,31747
ChartInv_Update_stage,ClientProjectId,TEXT,255,,,1,1,514420
ChartInv_Update_stage,ProjectKey,TEXT,10,,,1,2,514420
ChartInv_Update_stage,Queue,TEXT,127,,,1,3,514420
ChartInv_Update_stage,Dateupdated,TEXT,255,,,1,4,514420
ChartInv_Update_stage,uploadedby,TEXT,255,,,1,5,514420
ChartInv_Update_stage,Billing_Type,TEXT,125,,,1,6,514420
ChartInv_Update_stage,Price_Per_Chart,NUMBER,,9,2,1,7,514420
ChartInv_Update_stage,Invoice,TEXT,50,,,1,8,514420
ChartInv_Update_stage,Invoice_Date,TEXT,255,,,1,9,514420
ChartInv_Update_stage,Invoice_Comments,TEXT,125,,,1,10,514420
ChartInv_Update_stage,ClientReference,TEXT,250,,,1,11,514420
ChartInv_Update_stage,FileName,TEXT,256,,,1,12,514420
ChartInv_Update_stage_bk,ClientProjectId,TEXT,255,,,1,1,876254
ChartInv_Update_stage_bk,ProjectKey,TEXT,10,,,1,2,876254
ChartInv_Update_stage_bk,Queue,TEXT,127,,,1,3,876254
ChartInv_Update_stage_bk,Dateupdated,TEXT,255,,,1,4,876254
ChartInv_Update_stage_bk,uploadedby,TEXT,255,,,1,5,876254
ChartInv_Update_stage_bk,Billing_Type,TEXT,125,,,1,6,876254
ChartInv_Update_stage_bk,Price_Per_Chart,NUMBER,,9,2,1,7,876254
ChartInv_Update_stage_bk,Invoice,TEXT,50,,,1,8,876254
ChartInv_Update_stage_bk,Invoice_Date,TEXT,255,,,1,9,876254
ChartInv_Update_stage_bk,Invoice_Comments,TEXT,125,,,1,10,876254
ChartInv_Update_stage_bk,ClientReference,TEXT,250,,,1,11,876254
ChartInv_Update_stage_bk,FileName,TEXT,256,,,1,12,876254
ChartMoreInfo,Id,TEXT,255,,,0,1,12986753
ChartMoreInfo,ChartId,TEXT,255,,,0,2,12986753
ChartMoreInfo,LevelStatusId,NUMBER,,38,0,0,3,12986753
ChartMoreInfo,LevelStatusCommentId,NUMBER,,38,0,1,4,12986753
ChartMoreInfo,LevelUpdatedBy,TEXT,255,,,0,5,12986753
ChartMoreInfo,LevelNumber,NUMBER,,38,0,0,6,12986753
ChartMoreInfo,LevelStartDate,TIMESTAMP_NTZ,,,,1,7,12986753
ChartMoreInfo,LevelEndDate,TIMESTAMP_NTZ,,,,1,8,12986753
ChartMoreInfo,NumberOfDxCode,NUMBER,,38,0,1,9,12986753
ChartMoreInfo,CompletionDate,TIMESTAMP_NTZ,,,,1,10,12986753
ChartMoreInfo,InvalidDate,TIMESTAMP_NTZ,,,,1,11,12986753
ChartMoreInfo,HoldDate,TIMESTAMP_NTZ,,,,1,12,12986753
ChartMoreInfo,StickyNotes,TEXT,3000,,,1,13,12986753
ChartMoreInfo9924,Id,TEXT,255,,,0,1,67101
ChartMoreInfo9924,ChartId,TEXT,255,,,0,2,67101
ChartMoreInfo9924,LevelStatusId,NUMBER,,38,0,0,3,67101
ChartMoreInfo9924,LevelStatusCommentId,NUMBER,,38,0,1,4,67101
ChartMoreInfo9924,LevelUpdatedBy,TEXT,255,,,0,5,67101
ChartMoreInfo9924,LevelNumber,NUMBER,,38,0,0,6,67101
ChartMoreInfo9924,LevelStartDate,TIMESTAMP_NTZ,,,,1,7,67101
ChartMoreInfo9924,LevelEndDate,TIMESTAMP_NTZ,,,,1,8,67101
ChartMoreInfo9924,NumberOfDxCode,NUMBER,,38,0,1,9,67101
ChartMoreInfo9924,CompletionDate,TIMESTAMP_NTZ,,,,1,10,67101
ChartMoreInfo9924,InvalidDate,TIMESTAMP_NTZ,,,,1,11,67101
ChartMoreInfo9924,HoldDate,TIMESTAMP_NTZ,,,,1,12,67101
ChartMoreInfo9924,StickyNotes,TEXT,3000,,,1,13,67101
ChartMoreInfo_250325,Id,TEXT,255,,,0,1,13279072
ChartMoreInfo_250325,ChartId,TEXT,255,,,0,2,13279072
ChartMoreInfo_250325,LevelStatusId,NUMBER,,38,0,0,3,13279072
ChartMoreInfo_250325,LevelStatusCommentId,NUMBER,,38,0,1,4,13279072
ChartMoreInfo_250325,LevelUpdatedBy,TEXT,255,,,0,5,13279072
ChartMoreInfo_250325,LevelNumber,NUMBER,,38,0,0,6,13279072
ChartMoreInfo_250325,LevelStartDate,TIMESTAMP_NTZ,,,,1,7,13279072
ChartMoreInfo_250325,LevelEndDate,TIMESTAMP_NTZ,,,,1,8,13279072
ChartMoreInfo_250325,NumberOfDxCode,NUMBER,,38,0,1,9,13279072
ChartMoreInfo_250325,CompletionDate,TIMESTAMP_NTZ,,,,1,10,13279072
ChartMoreInfo_250325,InvalidDate,TIMESTAMP_NTZ,,,,1,11,13279072
ChartMoreInfo_250325,HoldDate,TIMESTAMP_NTZ,,,,1,12,13279072
ChartMoreInfo_250325,StickyNotes,TEXT,3000,,,1,13,13279072
ChartMoreInfo_Archive,Id,TEXT,255,,,0,1,446391
ChartMoreInfo_Archive,ChartId,TEXT,255,,,0,2,446391
ChartMoreInfo_Archive,LevelStatusId,NUMBER,,38,0,0,3,446391
ChartMoreInfo_Archive,LevelStatusCommentId,NUMBER,,38,0,1,4,446391
ChartMoreInfo_Archive,LevelUpdatedBy,TEXT,255,,,0,5,446391
ChartMoreInfo_Archive,LevelNumber,NUMBER,,38,0,0,6,446391
ChartMoreInfo_Archive,LevelStartDate,TIMESTAMP_NTZ,,,,1,7,446391
ChartMoreInfo_Archive,LevelEndDate,TIMESTAMP_NTZ,,,,1,8,446391
ChartMoreInfo_Archive,NumberOfDxCode,NUMBER,,38,0,1,9,446391
ChartMoreInfo_Archive,CompletionDate,TIMESTAMP_NTZ,,,,1,10,446391
ChartMoreInfo_Archive,InvalidDate,TIMESTAMP_NTZ,,,,1,11,446391
ChartMoreInfo_Archive,HoldDate,TIMESTAMP_NTZ,,,,1,12,446391
ChartMoreInfo_Archive,StickyNotes,TEXT,3000,,,1,13,446391
ChartMoreInfo_Archive,ArchiveNo,NUMBER,,38,0,1,14,446391
ChartMoreInfo_Archive_InActiveData,Id,TEXT,255,,,0,1,26706461
ChartMoreInfo_Archive_InActiveData,ChartId,TEXT,255,,,0,2,26706461
ChartMoreInfo_Archive_InActiveData,LevelStatusId,NUMBER,,38,0,0,3,26706461
ChartMoreInfo_Archive_InActiveData,LevelStatusCommentId,NUMBER,,38,0,1,4,26706461
ChartMoreInfo_Archive_InActiveData,LevelUpdatedBy,TEXT,255,,,0,5,26706461
ChartMoreInfo_Archive_InActiveData,LevelNumber,NUMBER,,38,0,0,6,26706461
ChartMoreInfo_Archive_InActiveData,LevelStartDate,TIMESTAMP_NTZ,,,,1,7,26706461
ChartMoreInfo_Archive_InActiveData,LevelEndDate,TIMESTAMP_NTZ,,,,1,8,26706461
ChartMoreInfo_Archive_InActiveData,NumberOfDxCode,NUMBER,,38,0,1,9,26706461
ChartMoreInfo_Archive_InActiveData,CompletionDate,TIMESTAMP_NTZ,,,,1,10,26706461
ChartMoreInfo_Archive_InActiveData,InvalidDate,TIMESTAMP_NTZ,,,,1,11,26706461
ChartMoreInfo_Archive_InActiveData,HoldDate,TIMESTAMP_NTZ,,,,1,12,26706461
ChartMoreInfo_Archive_InActiveData,StickyNotes,TEXT,3000,,,1,13,26706461
ChartMoreInfo_Archive_InActiveData,ArchiveNo,NUMBER,,38,0,1,14,26706461
ChartMoreInfo_PartiallyDeallocatedChartsBackup,Id,TEXT,255,,,0,1,1
ChartMoreInfo_PartiallyDeallocatedChartsBackup,ChartId,TEXT,255,,,0,2,1
ChartMoreInfo_PartiallyDeallocatedChartsBackup,LevelStatusId,NUMBER,,38,0,0,3,1
ChartMoreInfo_PartiallyDeallocatedChartsBackup,LevelStatusCommentId,NUMBER,,38,0,1,4,1
ChartMoreInfo_PartiallyDeallocatedChartsBackup,LevelUpdatedBy,TEXT,255,,,0,5,1
ChartMoreInfo_PartiallyDeallocatedChartsBackup,LevelNumber,NUMBER,,38,0,0,6,1
ChartMoreInfo_PartiallyDeallocatedChartsBackup,LevelStartDate,TIMESTAMP_NTZ,,,,1,7,1
ChartMoreInfo_PartiallyDeallocatedChartsBackup,LevelEndDate,TIMESTAMP_NTZ,,,,1,8,1
ChartMoreInfo_PartiallyDeallocatedChartsBackup,NumberOfDxCode,NUMBER,,38,0,1,9,1
ChartMoreInfo_PartiallyDeallocatedChartsBackup,CompletionDate,TIMESTAMP_NTZ,,,,1,10,1
ChartMoreInfo_PartiallyDeallocatedChartsBackup,InvalidDate,TIMESTAMP_NTZ,,,,1,11,1
ChartMoreInfo_PartiallyDeallocatedChartsBackup,HoldDate,TIMESTAMP_NTZ,,,,1,12,1
ChartMoreInfo_PartiallyDeallocatedChartsBackup,StickyNotes,TEXT,3000,,,1,13,1
ChartMoreInfo_queueBk,Id,TEXT,255,,,0,1,1568
ChartMoreInfo_queueBk,ChartId,TEXT,255,,,0,2,1568
ChartMoreInfo_queueBk,LevelStatusId,NUMBER,,38,0,0,3,1568
ChartMoreInfo_queueBk,LevelStatusCommentId,NUMBER,,38,0,1,4,1568
ChartMoreInfo_queueBk,LevelUpdatedBy,TEXT,255,,,0,5,1568
ChartMoreInfo_queueBk,LevelNumber,NUMBER,,38,0,0,6,1568
ChartMoreInfo_queueBk,LevelStartDate,TIMESTAMP_NTZ,,,,1,7,1568
ChartMoreInfo_queueBk,LevelEndDate,TIMESTAMP_NTZ,,,,1,8,1568
ChartMoreInfo_queueBk,NumberOfDxCode,NUMBER,,38,0,1,9,1568
ChartMoreInfo_queueBk,CompletionDate,TIMESTAMP_NTZ,,,,1,10,1568
ChartMoreInfo_queueBk,InvalidDate,TIMESTAMP_NTZ,,,,1,11,1568
ChartMoreInfo_queueBk,HoldDate,TIMESTAMP_NTZ,,,,1,12,1568
ChartMoreInfo_queueBk,StickyNotes,TEXT,3000,,,1,13,1568
ChartProd_CurrentQueue,ChartId,FLOAT,,,,1,1,1498
ChartProd_CurrentQueue,Client Key,TEXT,127,,,1,2,1498
ChartProd_CurrentQueue,Client,TEXT,127,,,1,3,1498
ChartProd_CurrentQueue,Project Key,TEXT,127,,,1,4,1498
ChartProd_CurrentQueue,Project,TEXT,127,,,1,5,1498
ChartProd_CurrentQueue,Queue,TEXT,127,,,1,6,1498
ChartProd_CurrentQueue,ClientMarket,TEXT,127,,,1,7,1498
ChartProd_CurrentQueue,Reference,TEXT,127,,,1,8,1498
ChartProd_CurrentQueue,GMPI,TEXT,127,,,1,9,1498
ChartProd_CurrentQueue,Imported date,TIMESTAMP_NTZ,,,,1,10,1498
ChartProd_CurrentQueue,ReceivedDate,TIMESTAMP_NTZ,,,,1,11,1498
ChartProd_CurrentQueue,OverallStatus,TEXT,127,,,1,12,1498
ChartProd_CurrentQueue,#Encounters,FLOAT,,,,1,13,1498
ChartProd_CurrentQueue,L1StartDate,TIMESTAMP_NTZ,,,,1,14,1498
ChartProd_CurrentQueue,L1EndDate,TIMESTAMP_NTZ,,,,1,15,1498
ChartProd_CurrentQueue,L1TimeTaken,FLOAT,,,,1,16,1498
ChartProd_CurrentQueue,L1Resource,TEXT,127,,,1,17,1498
ChartProd_CurrentQueue,L1StatusComment,TEXT,127,,,1,18,1498
ChartProd_CurrentQueue,L1NumberOfDxCodes,FLOAT,,,,1,19,1498
ChartProd_CurrentQueue,L2StartDate,TEXT,127,,,1,20,1498
ChartProd_CurrentQueue,L2EndDate,TEXT,127,,,1,21,1498
ChartProd_CurrentQueue,L2TimeTaken,TEXT,127,,,1,22,1498
ChartProd_CurrentQueue,L2Resource,TEXT,127,,,1,23,1498
ChartProd_CurrentQueue,L2StatusComment,TEXT,127,,,1,24,1498
ChartProd_CurrentQueue,L2NumberOfDxCodes,TEXT,127,,,1,25,1498
ChartProd_CurrentQueue,L2AuditCount,FLOAT,,,,1,26,1498
ChartProd_CurrentQueue,L2AdminAuditCount,FLOAT,,,,1,27,1498
ChartProd_CurrentQueue,L3StartDate,TEXT,127,,,1,28,1498
ChartProd_CurrentQueue,L3EndDate,TEXT,127,,,1,29,1498
ChartProd_CurrentQueue,L3TimeTaken,TEXT,127,,,1,30,1498
ChartProd_CurrentQueue,L3Resource,TEXT,127,,,1,31,1498
ChartProd_CurrentQueue,L3StatusComment,TEXT,127,,,1,32,1498
ChartProd_CurrentQueue,L3NumberOfDxCodes,TEXT,127,,,1,33,1498
ChartProd_CurrentQueue,L3AuditCount,FLOAT,,,,1,34,1498
ChartProd_CurrentQueue,L3AdminAuditCount,FLOAT,,,,1,35,1498
ChartProd_CurrentQueue,AuditCount,FLOAT,,,,1,36,1498
ChartProd_CurrentQueue,L1StickyNotes,TEXT,127,,,1,37,1498
ChartProd_CurrentQueue,L2StickyNotes,TEXT,127,,,1,38,1498
ChartProd_CurrentQueue,L3StickyNotes,TEXT,127,,,1,39,1498
ChartProd_CurrentQueue,Page,TEXT,127,,,1,40,1498
ChartProd_CurrentQueue,Specialty,TEXT,127,,,1,41,1498
ChartProd_CurrentQueue,Complexity,TEXT,127,,,1,42,1498
ChartProd_CurrentQueue,Clinic,TEXT,127,,,1,43,1498
ChartProd_CurrentQueue,ClientProjectid,NUMBER,,38,0,1,44,1498
ChartProd_NewQueue,ChartId,FLOAT,,,,1,1,1498
ChartProd_NewQueue,Client Key,TEXT,127,,,1,2,1498
ChartProd_NewQueue,Client,TEXT,127,,,1,3,1498
ChartProd_NewQueue,Project Key,TEXT,127,,,1,4,1498
ChartProd_NewQueue,Project,TEXT,127,,,1,5,1498
ChartProd_NewQueue,Queue,TEXT,127,,,1,6,1498
ChartProd_NewQueue,ClientMarket,TEXT,127,,,1,7,1498
ChartProd_NewQueue,Reference,TEXT,127,,,1,8,1498
ChartProd_NewQueue,GMPI,TEXT,127,,,1,9,1498
ChartProd_NewQueue,Imported date,TIMESTAMP_NTZ,,,,1,10,1498
ChartProd_NewQueue,ReceivedDate,TIMESTAMP_NTZ,,,,1,11,1498
ChartProd_NewQueue,OverallStatus,TEXT,127,,,1,12,1498
ChartProd_NewQueue,#Encounters,FLOAT,,,,1,13,1498
ChartProd_NewQueue,L1StartDate,TIMESTAMP_NTZ,,,,1,14,1498
ChartProd_NewQueue,L1EndDate,TIMESTAMP_NTZ,,,,1,15,1498
ChartProd_NewQueue,L1TimeTaken,FLOAT,,,,1,16,1498
ChartProd_NewQueue,L1Resource,TEXT,127,,,1,17,1498
ChartProd_NewQueue,L1StatusComment,TEXT,127,,,1,18,1498
ChartProd_NewQueue,L1NumberOfDxCodes,FLOAT,,,,1,19,1498
ChartProd_NewQueue,L2StartDate,TEXT,127,,,1,20,1498
ChartProd_NewQueue,L2EndDate,TEXT,127,,,1,21,1498
ChartProd_NewQueue,L2TimeTaken,TEXT,127,,,1,22,1498
ChartProd_NewQueue,L2Resource,TEXT,127,,,1,23,1498
ChartProd_NewQueue,L2StatusComment,TEXT,127,,,1,24,1498
ChartProd_NewQueue,L2NumberOfDxCodes,TEXT,127,,,1,25,1498
ChartProd_NewQueue,L2AuditCount,FLOAT,,,,1,26,1498
ChartProd_NewQueue,L2AdminAuditCount,FLOAT,,,,1,27,1498
ChartProd_NewQueue,L3StartDate,TEXT,127,,,1,28,1498
ChartProd_NewQueue,L3EndDate,TEXT,127,,,1,29,1498
ChartProd_NewQueue,L3TimeTaken,TEXT,127,,,1,30,1498
ChartProd_NewQueue,L3Resource,TEXT,127,,,1,31,1498
ChartProd_NewQueue,L3StatusComment,TEXT,127,,,1,32,1498
ChartProd_NewQueue,L3NumberOfDxCodes,TEXT,127,,,1,33,1498
ChartProd_NewQueue,L3AuditCount,FLOAT,,,,1,34,1498
ChartProd_NewQueue,L3AdminAuditCount,FLOAT,,,,1,35,1498
ChartProd_NewQueue,AuditCount,FLOAT,,,,1,36,1498
ChartProd_NewQueue,L1StickyNotes,TEXT,127,,,1,37,1498
ChartProd_NewQueue,L2StickyNotes,TEXT,127,,,1,38,1498
ChartProd_NewQueue,L3StickyNotes,TEXT,127,,,1,39,1498
ChartProd_NewQueue,Page,TEXT,127,,,1,40,1498
ChartProd_NewQueue,Specialty,TEXT,127,,,1,41,1498
ChartProd_NewQueue,Complexity,TEXT,127,,,1,42,1498
ChartProd_NewQueue,Clinic,TEXT,127,,,1,43,1498
ChartProd_NewQueue,ClientProjectid,NUMBER,,38,0,1,44,1498
ChartProduction,Id,TEXT,255,,,0,1,13253655
ChartProduction,ChartMoreInfoId,TEXT,255,,,1,2,13253655
ChartProduction,LevelNumber,NUMBER,,38,0,1,3,13253655
ChartProduction,StartDatetime,TIMESTAMP_NTZ,,,,1,4,13253655
ChartProduction,EndDatetime,TIMESTAMP_NTZ,,,,1,5,13253655
ChartProduction,LevelStatusId,NUMBER,,38,0,1,6,13253655
ChartProduction,LevelStatusCommentId,NUMBER,,38,0,1,7,13253655
ChartProduction,LevelUpdatedBy,TEXT,255,,,0,8,13253655
ChartProduction,Session_Duration,TEXT,255,,,1,9,13253655
ChartProduction,LastSessionStart,TIMESTAMP_NTZ,,,,1,10,13253655
ChartProduction,LastSessionEnd,TIMESTAMP_NTZ,,,,1,11,13253655
ChartProduction_250325,Id,TEXT,255,,,0,1,13572290
ChartProduction_250325,ChartMoreInfoId,TEXT,255,,,1,2,13572290
ChartProduction_250325,LevelNumber,NUMBER,,38,0,1,3,13572290
ChartProduction_250325,StartDatetime,TIMESTAMP_NTZ,,,,1,4,13572290
ChartProduction_250325,EndDatetime,TIMESTAMP_NTZ,,,,1,5,13572290
ChartProduction_250325,LevelStatusId,NUMBER,,38,0,1,6,13572290
ChartProduction_250325,LevelStatusCommentId,NUMBER,,38,0,1,7,13572290
ChartProduction_250325,LevelUpdatedBy,TEXT,255,,,0,8,13572290
ChartProduction_250325,Session_Duration,TEXT,255,,,1,9,13572290
ChartProduction_250325,LastSessionStart,TIMESTAMP_NTZ,,,,1,10,13572290
ChartProduction_250325,LastSessionEnd,TIMESTAMP_NTZ,,,,1,11,13572290
ChartProduction_Archive,Id,TEXT,255,,,0,1,457849
ChartProduction_Archive,ChartMoreInfoId,TEXT,255,,,1,2,457849
ChartProduction_Archive,LevelNumber,NUMBER,,38,0,1,3,457849
ChartProduction_Archive,StartDatetime,TIMESTAMP_NTZ,,,,1,4,457849
ChartProduction_Archive,EndDatetime,TIMESTAMP_NTZ,,,,1,5,457849
ChartProduction_Archive,LevelStatusId,NUMBER,,38,0,1,6,457849
ChartProduction_Archive,LevelStatusCommentId,NUMBER,,38,0,1,7,457849
ChartProduction_Archive,LevelUpdatedBy,TEXT,255,,,0,8,457849
ChartProduction_Archive,ArchiveNo,NUMBER,,38,0,1,9,457849
ChartProduction_Archive_InActiveData,Id,TEXT,255,,,0,1,27668274
ChartProduction_Archive_InActiveData,ChartMoreInfoId,TEXT,255,,,1,2,27668274
ChartProduction_Archive_InActiveData,LevelNumber,NUMBER,,38,0,1,3,27668274
ChartProduction_Archive_InActiveData,StartDatetime,TIMESTAMP_NTZ,,,,1,4,27668274
ChartProduction_Archive_InActiveData,EndDatetime,TIMESTAMP_NTZ,,,,1,5,27668274
ChartProduction_Archive_InActiveData,LevelStatusId,NUMBER,,38,0,1,6,27668274
ChartProduction_Archive_InActiveData,LevelStatusCommentId,NUMBER,,38,0,1,7,27668274
ChartProduction_Archive_InActiveData,LevelUpdatedBy,TEXT,255,,,0,8,27668274
ChartProduction_Archive_InActiveData,ArchiveNo,NUMBER,,38,0,1,9,27668274
ChartProduction_Archive_InActiveData,Session_Duration,TEXT,255,,,1,10,27668274
ChartProduction_Archive_InActiveData,LastSessionStart,TIMESTAMP_NTZ,,,,1,11,27668274
ChartProduction_Archive_InActiveData,LastSessionEnd,TIMESTAMP_NTZ,,,,1,12,27668274
ChartProduction_queueBk,Id,TEXT,255,,,0,1,1632
ChartProduction_queueBk,ChartMoreInfoId,TEXT,255,,,1,2,1632
ChartProduction_queueBk,LevelNumber,NUMBER,,38,0,1,3,1632
ChartProduction_queueBk,StartDatetime,TIMESTAMP_NTZ,,,,1,4,1632
ChartProduction_queueBk,EndDatetime,TIMESTAMP_NTZ,,,,1,5,1632
ChartProduction_queueBk,LevelStatusId,NUMBER,,38,0,1,6,1632
ChartProduction_queueBk,LevelStatusCommentId,NUMBER,,38,0,1,7,1632
ChartProduction_queueBk,LevelUpdatedBy,TEXT,255,,,0,8,1632
ChartProduction_queueBk,Session_Duration,TEXT,255,,,1,9,1632
ChartProduction_queueBk,LastSessionStart,TIMESTAMP_NTZ,,,,1,10,1632
ChartProduction_queueBk,LastSessionEnd,TIMESTAMP_NTZ,,,,1,11,1632
Chart_Update_stage,ClientProjectId,TEXT,255,,,1,1,21629
Chart_Update_stage,ProjectKey,TEXT,10,,,1,2,21629
Chart_Update_stage,Queue,TEXT,127,,,1,3,21629
Chart_Update_stage,ClientReference,TEXT,20,,,1,4,21629
Chart_Update_stage,FileName,TEXT,256,,,1,5,21629
Chart_Update_stage,Dateupdated,TEXT,255,,,1,6,21629
Chart_Update_stage,Page,TEXT,5,,,1,7,21629
Chart_Update_stage,Specialty,TEXT,127,,,1,8,21629
ClientId_replace_tbl,ChartId,FLOAT,,,,1,1,59
ClientId_replace_tbl,ProjectKey,FLOAT,,,,1,2,59
ClientId_replace_tbl,Project,TEXT,127,,,1,3,59
ClientId_replace_tbl,Queue,TEXT,127,,,1,4,59
ClientId_replace_tbl,ClientChartID,TEXT,127,,,1,5,59
ClientId_replace_tbl,NewClientChartID,TEXT,127,,,1,6,59
ClientProject,Id,NUMBER,,38,0,0,1,2274
ClientProject,Client,TEXT,255,,,1,2,2274
ClientProject,Project,TEXT,255,,,1,3,2274
ClientProject,ClientReferenceLabel,TEXT,255,,,1,4,2274
ClientProject,ClientKey,TEXT,20,,,1,5,2274
ClientProject,ProjectKey,TEXT,20,,,1,6,2274
ClientProject,IsByDxCode,BOOLEAN,,,,1,7,2274
ClientProject,IsL1Auto,BOOLEAN,,,,1,8,2274
ClientProject,IsL2Auto,BOOLEAN,,,,1,9,2274
ClientProject,IsL3Auto,BOOLEAN,,,,1,10,2274
ClientProject,IsActive,BOOLEAN,,,,1,11,2274
ClientProject,HomepageText,TEXT,255,,,1,12,2274
ClientProject,UpdatedDate,TIMESTAMP_NTZ,,,,1,13,2274
ClientProject,UpdatedBy,TEXT,255,,,1,14,2274
ClientProject,Queue,TEXT,255,,,1,15,2274
ClientProject,QueueKey,TEXT,20,,,1,16,2274
ClientProject,Factorialization,NUMBER,,18,2,1,17,2274
ClientProject,IsL1Priority,BOOLEAN,,,,1,18,2274
ClientProject,IsDataRAPInfo_Reqd,TEXT,255,,,1,19,2274
ClientProject_16082024_1830,Id,NUMBER,,38,0,0,1,2149
ClientProject_16082024_1830,Client,TEXT,255,,,1,2,2149
ClientProject_16082024_1830,Project,TEXT,255,,,1,3,2149
ClientProject_16082024_1830,ClientReferenceLabel,TEXT,255,,,1,4,2149
ClientProject_16082024_1830,ClientKey,TEXT,20,,,1,5,2149
ClientProject_16082024_1830,ProjectKey,TEXT,20,,,1,6,2149
ClientProject_16082024_1830,IsByDxCode,BOOLEAN,,,,1,7,2149
ClientProject_16082024_1830,IsL1Auto,BOOLEAN,,,,1,8,2149
ClientProject_16082024_1830,IsL2Auto,BOOLEAN,,,,1,9,2149
ClientProject_16082024_1830,IsL3Auto,BOOLEAN,,,,1,10,2149
ClientProject_16082024_1830,IsActive,BOOLEAN,,,,1,11,2149
ClientProject_16082024_1830,HomepageText,TEXT,255,,,1,12,2149
ClientProject_16082024_1830,UpdatedDate,TIMESTAMP_NTZ,,,,1,13,2149
ClientProject_16082024_1830,UpdatedBy,TEXT,255,,,1,14,2149
ClientProject_16082024_1830,Queue,TEXT,255,,,1,15,2149
ClientProject_16082024_1830,QueueKey,TEXT,20,,,1,16,2149
ClientProject_16082024_1830,Factorialization,NUMBER,,18,2,1,17,2149
ClientProject_16082024_1830,IsL1Priority,BOOLEAN,,,,1,18,2149
ClientProject_16082024_1830,IsDataRAPInfo_Reqd,TEXT,255,,,1,19,2149
ClientProject_2024,Id,NUMBER,,38,0,0,1,305
ClientProject_2024,Client,TEXT,255,,,1,2,305
ClientProject_2024,Project,TEXT,255,,,1,3,305
ClientProject_2024,ProjectKey,TEXT,20,,,1,4,305
ClientProject_2024,Queue,TEXT,255,,,1,5,305
ClientProject_2024,UpdatedDate,TIMESTAMP_NTZ,,,,1,6,305
ClientProject_2024,UpdatedBy,TEXT,255,,,1,7,305
ClientProject_250325,Id,NUMBER,,38,0,0,1,2274
ClientProject_250325,Client,TEXT,255,,,1,2,2274
ClientProject_250325,Project,TEXT,255,,,1,3,2274
ClientProject_250325,ClientReferenceLabel,TEXT,255,,,1,4,2274
ClientProject_250325,ClientKey,TEXT,20,,,1,5,2274
ClientProject_250325,ProjectKey,TEXT,20,,,1,6,2274
ClientProject_250325,IsByDxCode,BOOLEAN,,,,1,7,2274
ClientProject_250325,IsL1Auto,BOOLEAN,,,,1,8,2274
ClientProject_250325,IsL2Auto,BOOLEAN,,,,1,9,2274
ClientProject_250325,IsL3Auto,BOOLEAN,,,,1,10,2274
ClientProject_250325,IsActive,BOOLEAN,,,,1,11,2274
ClientProject_250325,HomepageText,TEXT,255,,,1,12,2274
ClientProject_250325,UpdatedDate,TIMESTAMP_NTZ,,,,1,13,2274
ClientProject_250325,UpdatedBy,TEXT,255,,,1,14,2274
ClientProject_250325,Queue,TEXT,255,,,1,15,2274
ClientProject_250325,QueueKey,TEXT,20,,,1,16,2274
ClientProject_250325,Factorialization,NUMBER,,18,2,1,17,2274
ClientProject_250325,IsL1Priority,BOOLEAN,,,,1,18,2274
ClientProject_250325,IsDataRAPInfo_Reqd,TEXT,255,,,1,19,2274
ClientProject_28082024,Id,NUMBER,,38,0,0,1,2160
ClientProject_28082024,Client,TEXT,255,,,1,2,2160
ClientProject_28082024,Project,TEXT,255,,,1,3,2160
ClientProject_28082024,ClientReferenceLabel,TEXT,255,,,1,4,2160
ClientProject_28082024,ClientKey,TEXT,20,,,1,5,2160
ClientProject_28082024,ProjectKey,TEXT,20,,,1,6,2160
ClientProject_28082024,IsByDxCode,BOOLEAN,,,,1,7,2160
ClientProject_28082024,IsL1Auto,BOOLEAN,,,,1,8,2160
ClientProject_28082024,IsL2Auto,BOOLEAN,,,,1,9,2160
ClientProject_28082024,IsL3Auto,BOOLEAN,,,,1,10,2160
ClientProject_28082024,IsActive,BOOLEAN,,,,1,11,2160
ClientProject_28082024,HomepageText,TEXT,255,,,1,12,2160
ClientProject_28082024,UpdatedDate,TIMESTAMP_NTZ,,,,1,13,2160
ClientProject_28082024,UpdatedBy,TEXT,255,,,1,14,2160
ClientProject_28082024,Queue,TEXT,255,,,1,15,2160
ClientProject_28082024,QueueKey,TEXT,20,,,1,16,2160
ClientProject_28082024,Factorialization,NUMBER,,18,2,1,17,2160
ClientProject_28082024,IsL1Priority,BOOLEAN,,,,1,18,2160
ClientProject_28082024,IsDataRAPInfo_Reqd,TEXT,255,,,1,19,2160
ClientProject_Message,ClientProjectId,NUMBER,,38,0,1,1,519
ClientProject_Message,HomepageText,TEXT,16777216,,,1,2,519
ClientProject_Message,StartDate,TIMESTAMP_NTZ,,,,1,3,519
ClientProject_Message,EndDate,TIMESTAMP_NTZ,,,,1,4,519
ClientProject_Message,UpdateBy,TEXT,255,,,1,5,519
ClientProject_Message,UpdateDate,TIMESTAMP_NTZ,,,,1,6,519
ClientProject_Message,id,NUMBER,,38,0,0,7,519
ClientProject_Message,isActive,BOOLEAN,,,,1,8,519
ClientProject_Nov62024_2169,Id,NUMBER,,38,0,0,1,2169
ClientProject_Nov62024_2169,Client,TEXT,255,,,1,2,2169
ClientProject_Nov62024_2169,Project,TEXT,255,,,1,3,2169
ClientProject_Nov62024_2169,ClientReferenceLabel,TEXT,255,,,1,4,2169
ClientProject_Nov62024_2169,ClientKey,TEXT,20,,,1,5,2169
ClientProject_Nov62024_2169,ProjectKey,TEXT,20,,,1,6,2169
ClientProject_Nov62024_2169,IsByDxCode,BOOLEAN,,,,1,7,2169
ClientProject_Nov62024_2169,IsL1Auto,BOOLEAN,,,,1,8,2169
ClientProject_Nov62024_2169,IsL2Auto,BOOLEAN,,,,1,9,2169
ClientProject_Nov62024_2169,IsL3Auto,BOOLEAN,,,,1,10,2169
ClientProject_Nov62024_2169,IsActive,BOOLEAN,,,,1,11,2169
ClientProject_Nov62024_2169,HomepageText,TEXT,255,,,1,12,2169
ClientProject_Nov62024_2169,UpdatedDate,TIMESTAMP_NTZ,,,,1,13,2169
ClientProject_Nov62024_2169,UpdatedBy,TEXT,255,,,1,14,2169
ClientProject_Nov62024_2169,Queue,TEXT,255,,,1,15,2169
ClientProject_Nov62024_2169,QueueKey,TEXT,20,,,1,16,2169
ClientProject_Nov62024_2169,Factorialization,NUMBER,,18,2,1,17,2169
ClientProject_Nov62024_2169,IsL1Priority,BOOLEAN,,,,1,18,2169
ClientProject_Nov62024_2169,IsDataRAPInfo_Reqd,TEXT,255,,,1,19,2169
ClientProject_apr12,Id,NUMBER,,38,0,0,1,2274
ClientProject_apr12,Client,TEXT,255,,,1,2,2274
ClientProject_apr12,Project,TEXT,255,,,1,3,2274
ClientProject_apr12,ClientReferenceLabel,TEXT,255,,,1,4,2274
ClientProject_apr12,ClientKey,TEXT,20,,,1,5,2274
ClientProject_apr12,ProjectKey,TEXT,20,,,1,6,2274
ClientProject_apr12,IsByDxCode,BOOLEAN,,,,1,7,2274
ClientProject_apr12,IsL1Auto,BOOLEAN,,,,1,8,2274
ClientProject_apr12,IsL2Auto,BOOLEAN,,,,1,9,2274
ClientProject_apr12,IsL3Auto,BOOLEAN,,,,1,10,2274
ClientProject_apr12,IsActive,BOOLEAN,,,,1,11,2274
ClientProject_apr12,HomepageText,TEXT,255,,,1,12,2274
ClientProject_apr12,UpdatedDate,TIMESTAMP_NTZ,,,,1,13,2274
ClientProject_apr12,UpdatedBy,TEXT,255,,,1,14,2274
ClientProject_apr12,Queue,TEXT,255,,,1,15,2274
ClientProject_apr12,QueueKey,TEXT,20,,,1,16,2274
ClientProject_apr12,Factorialization,NUMBER,,18,2,1,17,2274
ClientProject_apr12,IsL1Priority,BOOLEAN,,,,1,18,2274
ClientProject_apr12,IsDataRAPInfo_Reqd,TEXT,255,,,1,19,2274
Comments,Id,NUMBER,,38,0,0,1,146948
Comments,ClientProjectId,NUMBER,,38,0,1,2,146948
Comments,Description,TEXT,16777216,,,0,3,146948
Comments,CommentCategoryId,NUMBER,,38,0,0,4,146948
Comments,DisplayOrder,NUMBER,,38,0,1,5,146948
Comments,IsActive,BOOLEAN,,,,0,6,146948
Comments_25ct2023,Id,NUMBER,,38,0,0,1,10033
Comments_25ct2023,ClientProjectId,NUMBER,,38,0,1,2,10033
Comments_25ct2023,Description,TEXT,16777216,,,0,3,10033
Comments_25ct2023,CommentCategoryId,NUMBER,,38,0,0,4,10033
Comments_25ct2023,DisplayOrder,NUMBER,,38,0,1,5,10033
Comments_25ct2023,IsActive,BOOLEAN,,,,0,6,10033
Comments_InActive,Id,NUMBER,,38,0,1,1,24426
Comments_InActive,ClientProjectId,NUMBER,,38,0,1,2,24426
Comments_InActive,Description,TEXT,16777216,,,0,3,24426
Comments_InActive,CommentCategoryId,NUMBER,,38,0,0,4,24426
Comments_InActive,DisplayOrder,NUMBER,,38,0,1,5,24426
Comments_InActive,IsActive,BOOLEAN,,,,0,6,24426
DeallocatedCharts,ClientKey,TEXT,20,,,0,1,4287869
DeallocatedCharts,Client,TEXT,255,,,0,2,4287869
DeallocatedCharts,ProjectKey,TEXT,20,,,0,3,4287869
DeallocatedCharts,Project,TEXT,255,,,0,4,4287869
DeallocatedCharts,ChartId,TEXT,255,,,0,5,4287869
DeallocatedCharts,OverallStatus,TEXT,512,,,0,6,4287869
DeallocatedCharts,DeletedDate,TIMESTAMP_NTZ,,,,0,7,4287869
DeallocatedCharts,Uploadedby,TEXT,100,,,1,8,4287869
DeallocatedCharts,ClientReference,TEXT,40,,,1,9,4287869
DeallocatedCharts,FileName,TEXT,512,,,1,10,4287869
DeallocatedCharts,ReceivedDate,TIMESTAMP_NTZ,,,,1,11,4287869
DeallocatedCharts,ClientProjectId,NUMBER,,38,0,1,12,4287869
Del_ChartAudit,ChartAuditId,TEXT,255,,,1,1,0
Del_ChartAudit,ChartMoreInfoId,TEXT,255,,,1,2,0
Del_ChartAudit,PageNumbers,TEXT,50,,,1,3,0
Del_ChartAudit,CorrectedValue,TEXT,50,,,1,4,0
Del_ChartAudit,Comments,TEXT,16777216,,,1,5,0
Del_ChartAudit,AdditionalComments,TEXT,16777216,,,1,6,0
Del_ChartAudit,ErrorCategoryId,NUMBER,,38,0,1,7,0
Del_ChartAudit,ErrorSubCategoryId,NUMBER,,38,0,1,8,0
Del_ChartAudit,LastUpdatedDate,TIMESTAMP_NTZ,,,,1,9,0
Del_ChartAudit,L3LevelDisagreeId,NUMBER,,38,0,1,10,0
Del_ChartAudit,IsOpen,TEXT,2,,,1,11,0
Del_ChartAudit,IsAgree,BOOLEAN,,,,1,12,0
Del_ChartAudit,AgreeDisAgreeReason,TEXT,500,,,1,13,0
Del_ChartAudit,Agreestatus,TEXT,50,,,1,14,0
Del_ChartAudit,IsOpenAdmin,BOOLEAN,,,,1,15,0
Del_ChartAudit,ErrorStatusAdmin,TEXT,255,,,1,16,0
Del_ChartAudit,Rationale,TEXT,500,,,1,17,0
Del_ChartAudit,AdminAuditedBy,TEXT,255,,,1,18,0
Del_ChartAudit,AdminAuditedDate,TIMESTAMP_NTZ,,,,1,19,0
Del_ChartAudit,FinalError,TEXT,15,,,1,20,0
Del_ChartAudit,L1L2_ErrorClosingDate,TIMESTAMP_NTZ,,,,1,21,0
Del_ChartAudit,AuditDate,TIMESTAMP_NTZ,,,,1,22,0
Del_ChartInfo,ChartInfoId,TEXT,255,,,1,1,215
Del_ChartInfo,ClientProjectId,NUMBER,,38,0,1,2,215
Del_ChartInfo,ClientMarket,TEXT,512,,,1,3,215
Del_ChartInfo,ReceivedDate,TIMESTAMP_NTZ,,,,1,4,215
Del_ChartInfo,ClientReference,TEXT,40,,,1,5,215
Del_ChartInfo,FileName,TEXT,512,,,1,6,215
Del_ChartInfo,NoOfPages,NUMBER,,38,0,1,7,215
Del_ChartInfo,OverallStatus,TEXT,512,,,1,8,215
Del_ChartInfo,UploadedDate,TIMESTAMP_NTZ,,,,1,9,215
Del_ChartInfo,UploadedBy,TEXT,255,,,1,10,215
Del_ChartInfo,Page,TEXT,10,,,1,11,215
Del_ChartInfo,Specialty,TEXT,255,,,1,12,215
Del_ChartInfo,Complexity,TEXT,255,,,1,13,215
Del_ChartInfo,Clinic,TEXT,255,,,1,14,215
Del_ChartInfo,NEWID,TEXT,400,,,1,15,215
Del_ChartInfo,AuditDate,TIMESTAMP_NTZ,,,,1,16,215
Del_ChartInfo,AuditUser,TEXT,100,,,1,17,215
Del_ChartInfo,Billing_Type,TEXT,250,,,1,18,215
Del_ChartInfo,Price_Per_Chart,NUMBER,,9,2,1,19,215
Del_ChartInfo,Invoice,TEXT,50,,,1,20,215
Del_ChartInfo,Invoice_Date,TEXT,255,,,1,21,215
Del_ChartInfo,Invoice_Comments,TEXT,250,,,1,22,215
Del_ChartMoreInfo,ChartMoreInfoId,TEXT,255,,,1,1,0
Del_ChartMoreInfo,ChartId,TEXT,255,,,1,2,0
Del_ChartMoreInfo,LevelStatusId,NUMBER,,38,0,1,3,0
Del_ChartMoreInfo,LevelStatusCommentId,NUMBER,,38,0,1,4,0
Del_ChartMoreInfo,LevelUpdatedBy,TEXT,255,,,1,5,0
Del_ChartMoreInfo,LevelNumber,NUMBER,,38,0,1,6,0
Del_ChartMoreInfo,LevelStartDate,TIMESTAMP_NTZ,,,,1,7,0
Del_ChartMoreInfo,LevelEndDate,TIMESTAMP_NTZ,,,,1,8,0
Del_ChartMoreInfo,NumberOfDxCode,NUMBER,,38,0,1,9,0
Del_ChartMoreInfo,CompletionDate,TIMESTAMP_NTZ,,,,1,10,0
Del_ChartMoreInfo,InvalidDate,TIMESTAMP_NTZ,,,,1,11,0
Del_ChartMoreInfo,HoldDate,TIMESTAMP_NTZ,,,,1,12,0
Del_ChartMoreInfo,Stickyes,TEXT,3000,,,1,13,0
Del_ChartMoreInfo,AuditDate,TIMESTAMP_NTZ,,,,1,14,0
Del_ChartProduction,ChartProductionId,TEXT,255,,,1,1,33811
Del_ChartProduction,ChartMoreInfoId,TEXT,255,,,1,2,33811
Del_ChartProduction,LevelNumber,NUMBER,,38,0,1,3,33811
Del_ChartProduction,StartDatetime,TIMESTAMP_NTZ,,,,1,4,33811
Del_ChartProduction,EndDatetime,TIMESTAMP_NTZ,,,,1,5,33811
Del_ChartProduction,LevelStatusId,NUMBER,,38,0,1,6,33811
Del_ChartProduction,LevelStatusCommentId,NUMBER,,38,0,1,7,33811
Del_ChartProduction,LevelUpdatedBy,TEXT,255,,,1,8,33811
Del_ChartProduction,Session_Duration,TEXT,255,,,1,9,33811
Del_ChartProduction,LastSessionStart,TIMESTAMP_NTZ,,,,1,10,33811
Del_ChartProduction,LastSessionEnd,TIMESTAMP_NTZ,,,,1,11,33811
Del_ChartProduction,AuditDate,TIMESTAMP_NTZ,,,,1,12,33811
EPIC_Clients,ID,NUMBER,,38,0,0,1,0
EPIC_Clients,Name,TEXT,100,,,1,2,0
EPIC_Clients,DisplayName,TEXT,100,,,1,3,0
EPIC_Clients,Description,TEXT,300,,,1,4,0
EPIC_Clients,ClientKey,TEXT,50,,,1,5,0
EPIC_Clients,ClientSF_ID,TEXT,50,,,1,6,0
EPIC_Clients,IsActive,BOOLEAN,,,,1,7,0
EPIC_Clients,SFTPHost,TEXT,800,,,1,8,0
EPIC_Clients,SFTPUserName,TEXT,50,,,1,9,0
EPIC_Clients,SFTPPwd,TEXT,50,,,1,10,0
EPIC_Clients,CreatedBy,TEXT,50,,,1,11,0
EPIC_Clients,CreatedDate,TEXT,255,,,1,12,0
EPIC_Clients,ModifiedBy,TEXT,50,,,1,13,0
EPIC_Clients,ModifiedDate,TEXT,255,,,1,14,0
EPIC_Clients,ClientGroup,TEXT,50,,,1,15,0
EPIC_Users,ID,NUMBER,,38,0,0,1,0
EPIC_Users,UserID,TEXT,255,,,0,2,0
EPIC_Users,DisplayName,TEXT,50,,,1,3,0
EPIC_Users,Location,TEXT,50,,,1,4,0
EPIC_Users,Country,TEXT,50,,,1,5,0
EPIC_Users,CreatedBy,TEXT,50,,,1,6,0
EPIC_Users,CreatedDate,TEXT,255,,,0,7,0
EPIC_Users,ModifiedBy,TEXT,50,,,1,8,0
EPIC_Users,ModifiedDate,TEXT,255,,,1,9,0
EPIC_UsersPipeline,ID,NUMBER,,38,0,0,1,3281
EPIC_UsersPipeline,UserName,TEXT,128,,,1,2,3281
EPIC_UsersPipeline,UserRole,TEXT,50,,,1,3,3281
EPIC_UsersPipeline,Name,TEXT,50,,,1,4,3281
EPIC_UsersPipeline,AuthenticationKey,TEXT,100,,,1,5,3281
EPIC_UsersPipeline,Email,TEXT,255,,,1,6,3281
EPIC_UsersPipeline,Type,TEXT,20,,,1,7,3281
EPIC_UsersPipeline,Client,TEXT,1500,,,1,8,3281
EPIC_UsersPipeline,IsExpired,BOOLEAN,,,,1,9,3281
EPIC_UsersPipeline,Location,TEXT,50,,,1,10,3281
EPIC_UsersPipeline,Country,TEXT,50,,,1,11,3281
EPIC_UsersPipeline,CreatedBy,TEXT,100,,,1,12,3281
EPIC_UsersPipeline,CreatedDate,TEXT,255,,,1,13,3281
EPIC_UsersPipeline,ModifiedBy,TEXT,100,,,1,14,3281
EPIC_UsersPipeline,ModifiedDate,TEXT,255,,,1,15,3281
EPI_Fullrefresh,ChartId,TEXT,255,,,0,1,0
EPI_Fullrefresh,Client,TEXT,255,,,1,2,0
EPI_Fullrefresh,Project,TEXT,255,,,1,3,0
EPI_Fullrefresh,ClientMarket,TEXT,512,,,1,4,0
EPI_Fullrefresh,UploadedDate,TIMESTAMP_NTZ,,,,0,5,0
EPI_Fullrefresh,ReceivedDate,TIMESTAMP_NTZ,,,,0,6,0
EPI_Fullrefresh,OverallStatus,TEXT,512,,,1,7,0
EPI_Fullrefresh,L1StartDate,TIMESTAMP_NTZ,,,,1,8,0
EPI_Fullrefresh,L1EndDate,TIMESTAMP_NTZ,,,,1,9,0
EPI_Fullrefresh,L1TimeTaken,NUMBER,,38,0,1,10,0
EPI_Fullrefresh,L1FirstName,TEXT,255,,,1,11,0
EPI_Fullrefresh,L1LastName,TEXT,255,,,1,12,0
EPI_Fullrefresh,L1UserName,TEXT,128,,,1,13,0
EPI_Fullrefresh,L1NumberOfDxCodes,NUMBER,,38,0,1,14,0
EPI_Fullrefresh,L2StartDate,TIMESTAMP_NTZ,,,,1,15,0
EPI_Fullrefresh,L2EndDate,TIMESTAMP_NTZ,,,,1,16,0
EPI_Fullrefresh,L2TimeTaken,NUMBER,,38,0,1,17,0
EPI_Fullrefresh,L2FirstName,TEXT,255,,,1,18,0
EPI_Fullrefresh,L2LastName,TEXT,255,,,1,19,0
EPI_Fullrefresh,L2UserName,TEXT,128,,,1,20,0
EPI_Fullrefresh,L2NumberOfDxCodes,NUMBER,,38,0,1,21,0
EPI_Fullrefresh,L3StartDate,TIMESTAMP_NTZ,,,,1,22,0
EPI_Fullrefresh,L3EndDate,TIMESTAMP_NTZ,,,,1,23,0
EPI_Fullrefresh,L3TimeTaken,NUMBER,,38,0,1,24,0
EPI_Fullrefresh,L3FirstName,TEXT,255,,,1,25,0
EPI_Fullrefresh,L3LastName,TEXT,255,,,1,26,0
EPI_Fullrefresh,L3UserName,TEXT,128,,,1,27,0
EPI_Fullrefresh,L3NumberOfDxCodes,NUMBER,,38,0,1,28,0
EPI_Fullrefresh,AuditCount,NUMBER,,38,0,1,29,0
EPI_Fullrefresh,L1CompletionDate,TIMESTAMP_NTZ,,,,1,30,0
EPI_Fullrefresh,L1InvalidDate,TIMESTAMP_NTZ,,,,1,31,0
EPI_Fullrefresh,L1HoldDate,TIMESTAMP_NTZ,,,,1,32,0
EPI_Fullrefresh,L2CompletionDate,TIMESTAMP_NTZ,,,,1,33,0
EPI_Fullrefresh,L2InvalidDate,TIMESTAMP_NTZ,,,,1,34,0
EPI_Fullrefresh,L2HoldDate,TIMESTAMP_NTZ,,,,1,35,0
EPI_Fullrefresh,L3CompletionDate,TIMESTAMP_NTZ,,,,1,36,0
EPI_Fullrefresh,L3InvalidDate,TIMESTAMP_NTZ,,,,1,37,0
EPI_Fullrefresh,L3HoldDate,TIMESTAMP_NTZ,,,,1,38,0
EPI_Fullrefresh,AuditErrorCount,NUMBER,,38,0,1,39,0
EPI_Fullrefresh,NoOfEncounters,NUMBER,,38,0,1,40,0
EPI_Fullrefresh,ClientKey,TEXT,20,,,1,41,0
EPI_Fullrefresh,ProjectKey,TEXT,20,,,1,42,0
EPSDataInvoice_Dates,Dates,NUMBER,,38,0,1,1,0
EPSDataInvoice_Dates,InsertedDate,TIMESTAMP_NTZ,,,,1,2,0
EPSDataInvoice_Dates,Updatedby,TEXT,100,,,1,3,0
EPSDataInvoice_Dates,isActive,BOOLEAN,,,,1,4,0
EPSJune19_Invoice_V1,ProjectKey,FLOAT,,,,1,1,0
EPSJune19_Invoice_V1,Queue,TEXT,127,,,1,2,0
EPSJune19_Invoice_V1,ClientReference,FLOAT,,,,1,3,0
EPSJune19_Invoice_V1,FileName,TEXT,127,,,1,4,0
EPSJune19_Invoice_V1,Billing_Type,TEXT,127,,,1,5,0
EPSJune19_Invoice_V1,Price_Per_Chart,FLOAT,,,,1,6,0
EPSJune19_Invoice_V1,Invoice_No,FLOAT,,,,1,7,0
EPSJune19_Invoice_V1,Invoice_Date,TIMESTAMP_NTZ,,,,1,8,0
EPSJune19_Invoice_V1,Invoice_Comments,TEXT,127,,,1,9,0
EPSJune19_Invoice_V1,ClientProjectId,NUMBER,,38,0,1,10,0
EPSJune19_Invoice_V1_new2,ProjectKey,TEXT,127,,,1,1,0
EPSJune19_Invoice_V1_new2,Queue,TEXT,127,,,1,2,0
EPSJune19_Invoice_V1_new2,ClientReference,TEXT,127,,,1,3,0
EPSJune19_Invoice_V1_new2,FileName,TEXT,127,,,1,4,0
EPSJune19_Invoice_V1_new2,Billing_Type,TEXT,127,,,1,5,0
EPSJune19_Invoice_V1_new2,Price_Per_Chart,TEXT,127,,,1,6,0
EPSJune19_Invoice_V1_new2,Invoice_No,TEXT,127,,,1,7,0
EPSJune19_Invoice_V1_new2,Invoice_Date,TIMESTAMP_NTZ,,,,1,8,0
EPSJune19_Invoice_V1_new2,Invoice_Comments,TEXT,127,,,1,9,0
EPSJune19_Invoice_V1_new2,ClientProjectId,NUMBER,,38,0,1,10,0
EPSMonthlyInvoiceData,ChartId,TEXT,255,,,1,1,0
EPSMonthlyInvoiceData,ClientKey,TEXT,20,,,1,2,0
EPSMonthlyInvoiceData,Client,TEXT,255,,,1,3,0
EPSMonthlyInvoiceData,ProjectKey,TEXT,20,,,1,4,0
EPSMonthlyInvoiceData,Project,TEXT,255,,,1,5,0
EPSMonthlyInvoiceData,Queue,TEXT,255,,,1,6,0
EPSMonthlyInvoiceData,ClientReference,TEXT,40,,,1,7,0
EPSMonthlyInvoiceData,FileName,TEXT,512,,,1,8,0
EPSMonthlyInvoiceData,ImportedDate,TIMESTAMP_NTZ,,,,1,9,0
EPSMonthlyInvoiceData,OverallStatus,TEXT,512,,,1,10,0
EPSMonthlyInvoiceData,L1EndDate,TIMESTAMP_NTZ,,,,1,11,0
EPSMonthlyInvoiceData,L1Resource,TEXT,128,,,1,12,0
EPSMonthlyInvoiceData,NumberOfDxCode,NUMBER,,38,0,1,13,0
EPSMonthlyInvoiceData,page,TEXT,10,,,1,14,0
EPSMonthlyInvoiceData,Specialty,TEXT,512,,,1,15,0
EPSMonthlyInvoiceData_Stage,ChartId,TEXT,255,,,1,1,0
EPSMonthlyInvoiceData_Stage,ClientKey,TEXT,20,,,1,2,0
EPSMonthlyInvoiceData_Stage,Client,TEXT,255,,,1,3,0
EPSMonthlyInvoiceData_Stage,ProjectKey,TEXT,20,,,1,4,0
EPSMonthlyInvoiceData_Stage,Project,TEXT,255,,,1,5,0
EPSMonthlyInvoiceData_Stage,Queue,TEXT,255,,,1,6,0
EPSMonthlyInvoiceData_Stage,ClientReference,TEXT,40,,,1,7,0
EPSMonthlyInvoiceData_Stage,FileName,TEXT,512,,,1,8,0
EPSMonthlyInvoiceData_Stage,ImportedDate,TIMESTAMP_NTZ,,,,1,9,0
EPSMonthlyInvoiceData_Stage,OverallStatus,TEXT,512,,,1,10,0
EPSMonthlyInvoiceData_Stage,L1EndDate,TIMESTAMP_NTZ,,,,1,11,0
EPSMonthlyInvoiceData_Stage,L1Resource,TEXT,128,,,1,12,0
EPSMonthlyInvoiceData_Stage,NumberOfDxCode,NUMBER,,38,0,1,13,0
EPSMonthlyInvoiceData_Stage,page,TEXT,10,,,1,14,0
EPSMonthlyInvoiceData_Stage,Specialty,TEXT,512,,,1,15,0
EPS_Bulk_DeAlloc_Smry,Id,NUMBER,,38,0,0,1,0
EPS_Bulk_DeAlloc_Smry,UserName,TEXT,256,,,1,2,0
EPS_Bulk_DeAlloc_Smry,DateImported,TIMESTAMP_NTZ,,,,1,3,0
EPS_Bulk_DeAlloc_Smry,Total_Chart_cnt,NUMBER,,38,0,1,4,0
EPS_Bulk_DeAlloc_Smry,Chart_Deleted_Cnt,NUMBER,,38,0,1,5,0
EPS_Bulk_DeAlloc_Smry,Error_Cnt,NUMBER,,38,0,1,6,0
EPS_Bulk_Import_Smry,Id,NUMBER,,38,0,0,1,0
EPS_Bulk_Import_Smry,UserName,TEXT,256,,,1,2,0
EPS_Bulk_Import_Smry,DateImported,TIMESTAMP_NTZ,,,,1,3,0
EPS_Bulk_Import_Smry,Total_Chart_cnt,NUMBER,,38,0,1,4,0
EPS_Bulk_Import_Smry,Chart_Loaded_Cnt,NUMBER,,38,0,1,5,0
EPS_Bulk_Import_Smry,Error_Cnt,NUMBER,,38,0,1,6,0
EPS_Bulk_Update_L2Backlog_Smry,Id,NUMBER,,38,0,0,1,0
EPS_Bulk_Update_L2Backlog_Smry,ChartId,TEXT,255,,,1,2,0
EPS_Bulk_Update_L2Backlog_Smry,FileName,TEXT,500,,,1,3,0
EPS_Bulk_Update_L2Backlog_Smry,UploadedBy,TEXT,255,,,1,4,0
EPS_Bulk_Update_L2Backlog_Smry,UpdatedDateTime,TIMESTAMP_NTZ,,,,1,5,0
EPS_July19_Invoice_V1,ProjectKey,TEXT,127,,,1,1,0
EPS_July19_Invoice_V1,Queue,TEXT,127,,,1,2,0
EPS_July19_Invoice_V1,ClientReference,TEXT,127,,,1,3,0
EPS_July19_Invoice_V1,FileName,TEXT,127,,,1,4,0
EPS_July19_Invoice_V1,Billing_Type,TEXT,127,,,1,5,0
EPS_July19_Invoice_V1,Price_Per_Chart,TEXT,127,,,1,6,0
EPS_July19_Invoice_V1,Invoice_No,TEXT,127,,,1,7,0
EPS_July19_Invoice_V1,Invoice_Date,TIMESTAMP_NTZ,,,,1,8,0
EPS_July19_Invoice_V1,Invoice_Comments,TEXT,127,,,1,9,0
EPS_July19_Invoice_V1,ClientProjectId,NUMBER,,38,0,1,10,0
EPS_June19Invoice_V1_2001190147,ProjectKey,FLOAT,,,,1,1,0
EPS_June19Invoice_V1_2001190147,Queue,TEXT,127,,,1,2,0
EPS_June19Invoice_V1_2001190147,ClientReference,FLOAT,,,,1,3,0
EPS_June19Invoice_V1_2001190147,FileName,TEXT,127,,,1,4,0
EPS_June19Invoice_V1_2001190147,Billing_Type,TEXT,127,,,1,5,0
EPS_June19Invoice_V1_2001190147,Price_Per_Chart,FLOAT,,,,1,6,0
EPS_June19Invoice_V1_2001190147,Invoice_No,FLOAT,,,,1,7,0
EPS_June19Invoice_V1_2001190147,Invoice_Date,TIMESTAMP_NTZ,,,,1,8,0
EPS_June19Invoice_V1_2001190147,Invoice_Comments,TEXT,127,,,1,9,0
EPS_June19Invoice_V1_2001190147,ClientProjectId,NUMBER,,38,0,1,10,0
EPS_MenuMaster,ID,NUMBER,,38,0,0,1,0
EPS_MenuMaster,Name,TEXT,150,,,1,2,0
EPS_MenuMaster,DisplayName,TEXT,300,,,1,3,0
EPS_MenuMaster,ParentID,NUMBER,,38,0,1,4,0
EPS_MenuMaster,NavigationURL,TEXT,800,,,1,5,0
EPS_MenuMaster,IsVisible,BOOLEAN,,,,1,6,0
EPS_MenuMaster,DefaultOrderNo,NUMBER,,38,0,1,7,0
EPS_MenuMaster,DefaultAccessRole,TEXT,20,,,1,8,0
EPS_MenuMaster,DefaultDisplayType,TEXT,10,,,1,9,0
EPS_MenuMaster,CreatedBy,TEXT,50,,,1,10,0
EPS_MenuMaster,CreatedDate,TEXT,255,,,1,11,0
EPS_MenuMaster,ModifiedBy,TEXT,50,,,1,12,0
EPS_MenuMaster,ModifiedDate,TEXT,255,,,1,13,0
EPS_MenuMaster_BKP_MP,ID,NUMBER,,38,0,0,1,0
EPS_MenuMaster_BKP_MP,Name,TEXT,150,,,1,2,0
EPS_MenuMaster_BKP_MP,DisplayName,TEXT,300,,,1,3,0
EPS_MenuMaster_BKP_MP,ParentID,NUMBER,,38,0,1,4,0
EPS_MenuMaster_BKP_MP,NavigationURL,TEXT,800,,,1,5,0
EPS_MenuMaster_BKP_MP,IsVisible,BOOLEAN,,,,1,6,0
EPS_MenuMaster_BKP_MP,DefaultOrderNo,NUMBER,,38,0,1,7,0
EPS_MenuMaster_BKP_MP,DefaultAccessRole,TEXT,20,,,1,8,0
EPS_MenuMaster_BKP_MP,DefaultDisplayType,TEXT,10,,,1,9,0
EPS_MenuMaster_BKP_MP,CreatedBy,TEXT,50,,,1,10,0
EPS_MenuMaster_BKP_MP,CreatedDate,TEXT,255,,,1,11,0
EPS_MenuMaster_BKP_MP,ModifiedBy,TEXT,50,,,1,12,0
EPS_MenuMaster_BKP_MP,ModifiedDate,TEXT,255,,,1,13,0
EPS_Move_Status_Stage,ChartId,TEXT,255,,,1,1,0
EPS_Move_Status_Stage,OverallStatus,TEXT,16777216,,,1,2,0
EPS_Move_Status_Stage,Client,TEXT,16777216,,,1,3,0
EPS_Move_Status_Stage,Project,TEXT,16777216,,,1,4,0
EPS_Move_Status_Stage,ClientKey,TEXT,16777216,,,1,5,0
EPS_Move_Status_Stage,ProjectKey,TEXT,16777216,,,1,6,0
EPS_Move_Status_Stage,Queue,TEXT,16777216,,,1,7,0
EPS_Move_Status_Stage,Comment,TEXT,16777216,,,1,8,0
EPS_Role_Menu,ID,NUMBER,,38,0,0,1,0
EPS_Role_Menu,RoleID,NUMBER,,38,0,1,2,0
EPS_Role_Menu,MenuName,TEXT,100,,,1,3,0
EPS_Roles,RoleID,NUMBER,,38,0,0,1,0
EPS_Roles,RoleName,TEXT,10,,,1,2,0
EPS_Roles,Description,TEXT,255,,,1,3,0
EPS_Stage,Id,NUMBER,,38,0,0,1,0
EPS_Stage,ClientProjectId,NUMBER,,38,0,1,2,0
EPS_Stage,ClientMarket,TEXT,512,,,1,3,0
EPS_Stage,ReceivedDate,TIMESTAMP_NTZ,,,,0,4,0
EPS_Stage,ClientReference,TEXT,40,,,1,5,0
EPS_Stage,FileName,TEXT,512,,,0,6,0
EPS_Stage,NoOfPages,NUMBER,,38,0,1,7,0
EPS_Stage,OverallStatus,TEXT,512,,,1,8,0
EPS_Stage,UploadedDate,TIMESTAMP_NTZ,,,,1,9,0
EPS_Stage,UploadedBy,NUMBER,,38,0,1,10,0
EPS_Stage,Page,TEXT,10,,,1,11,0
EPS_Stage,Specialty,TEXT,255,,,1,12,0
EPS_Stage,Complexity,TEXT,255,,,1,13,0
EPS_Stage,Clinic,TEXT,255,,,1,14,0
EPS_Stage,EmeraldBarcode,TEXT,255,,,1,15,0
EPS_Stage,ChartType,TEXT,255,,,1,16,0
EPS_Stage_18325,Id,NUMBER,,38,0,0,1,0
EPS_Stage_18325,ClientProjectId,NUMBER,,38,0,1,2,0
EPS_Stage_18325,ClientMarket,TEXT,512,,,1,3,0
EPS_Stage_18325,ReceivedDate,TIMESTAMP_NTZ,,,,0,4,0
EPS_Stage_18325,ClientReference,TEXT,40,,,1,5,0
EPS_Stage_18325,FileName,TEXT,512,,,0,6,0
EPS_Stage_18325,NoOfPages,NUMBER,,38,0,1,7,0
EPS_Stage_18325,OverallStatus,TEXT,512,,,1,8,0
EPS_Stage_18325,UploadedDate,TIMESTAMP_NTZ,,,,1,9,0
EPS_Stage_18325,UploadedBy,NUMBER,,38,0,1,10,0
EPS_Stage_18325,Page,TEXT,10,,,1,11,0
EPS_Stage_18325,Specialty,TEXT,255,,,1,12,0
EPS_Stage_18325,Complexity,TEXT,255,,,1,13,0
EPS_Stage_18325,Clinic,TEXT,255,,,1,14,0
EPS_Stage_18325,EmeraldBarcode,TEXT,255,,,1,15,0
EPS_Stage_18325,ChartType,TEXT,255,,,1,16,0
EPS_Stage_2,Id,NUMBER,,38,0,0,1,0
EPS_Stage_2,ClientProjectId,NUMBER,,38,0,1,2,0
EPS_Stage_2,ClientMarket,TEXT,512,,,1,3,0
EPS_Stage_2,ReceivedDate,TIMESTAMP_NTZ,,,,0,4,0
EPS_Stage_2,ClientReference,TEXT,40,,,1,5,0
EPS_Stage_2,FileName,TEXT,512,,,0,6,0
EPS_Stage_2,NoOfPages,NUMBER,,38,0,1,7,0
EPS_Stage_2,OverallStatus,TEXT,512,,,1,8,0
EPS_Stage_2,UploadedDate,TIMESTAMP_NTZ,,,,1,9,0
EPS_Stage_2,UploadedBy,NUMBER,,38,0,1,10,0
EPS_Stage_2,Page,TEXT,10,,,1,11,0
EPS_Stage_2,Specialty,TEXT,255,,,1,12,0
EPS_Stage_2,Complexity,TEXT,255,,,1,13,0
EPS_Stage_2,Clinic,TEXT,255,,,1,14,0
EPS_Stage_2,EmeraldBarcode,TEXT,255,,,1,15,0
EPS_Stage_2,ChartType,TEXT,255,,,1,16,0
EPS_Stage_BulkDelete,ClientProjectId,NUMBER,,38,0,1,1,0
EPS_Stage_BulkDelete,ClientMarket,TEXT,512,,,1,2,0
EPS_Stage_BulkDelete,ReceivedDate,TIMESTAMP_NTZ,,,,1,3,0
EPS_Stage_BulkDelete,ClientReference,TEXT,40,,,1,4,0
EPS_Stage_BulkDelete,FileName,TEXT,512,,,1,5,0
EPS_Stage_BulkDelete,UploadedBy,TEXT,255,,,1,6,0
EPS_Stage_BulkDelete,id,NUMBER,,38,0,0,7,0
EPS_Stage_BulkDelete_bk,ClientProjectId,NUMBER,,38,0,1,1,0
EPS_Stage_BulkDelete_bk,ClientMarket,TEXT,512,,,1,2,0
EPS_Stage_BulkDelete_bk,ReceivedDate,TIMESTAMP_NTZ,,,,1,3,0
EPS_Stage_BulkDelete_bk,ClientReference,TEXT,30,,,1,4,0
EPS_Stage_BulkDelete_bk,FileName,TEXT,512,,,1,5,0
EPS_Stage_BulkDelete_bk,UploadedBy,TEXT,255,,,1,6,0
EPS_Stage_BulkDelete_bk,id,NUMBER,,38,0,0,7,0
EPS_Stage_bk,Id,NUMBER,,38,0,0,1,0
EPS_Stage_bk,ClientProjectId,NUMBER,,38,0,1,2,0
EPS_Stage_bk,ClientMarket,TEXT,512,,,1,3,0
EPS_Stage_bk,ReceivedDate,TIMESTAMP_NTZ,,,,0,4,0
EPS_Stage_bk,ClientReference,TEXT,30,,,0,5,0
EPS_Stage_bk,FileName,TEXT,512,,,0,6,0
EPS_Stage_bk,NoOfPages,NUMBER,,38,0,1,7,0
EPS_Stage_bk,OverallStatus,TEXT,512,,,1,8,0
EPS_Stage_bk,UploadedDate,TIMESTAMP_NTZ,,,,1,9,0
EPS_Stage_bk,UploadedBy,NUMBER,,38,0,1,10,0
EPS_Stage_bk,Page,TEXT,10,,,1,11,0
EPS_Stage_bk,Specialty,TEXT,255,,,1,12,0
EPS_Stage_bk,Complexity,TEXT,255,,,1,13,0
EPS_Stage_bk,Clinic,TEXT,255,,,1,14,0
Employee,Id,TEXT,255,,,0,1,0
Employee,FirstName,TEXT,255,,,0,2,0
Employee,LastName,TEXT,255,,,0,3,0
Employee,LocationId,NUMBER,,38,0,0,4,0
Employee,IsActive,BOOLEAN,,,,0,5,0
EmployeeLevel,Id,TEXT,255,,,0,1,0
EmployeeLevel,EmployeeId,TEXT,255,,,0,2,0
EmployeeLevel,ClientProjectId,NUMBER,,38,0,0,3,0
EmployeeLevel,LevelNumber,NUMBER,,38,0,0,4,0
EmployeeLevel,IsAdmin,BOOLEAN,,,,0,5,0
EmployeeLevel,IsReportUser,BOOLEAN,,,,1,6,0
EmployeeLevel,IsActive,BOOLEAN,,,,0,7,0
EmployeeLevel_06Sep2023,Id,TEXT,255,,,0,1,0
EmployeeLevel_06Sep2023,EmployeeId,TEXT,255,,,0,2,0
EmployeeLevel_06Sep2023,ClientProjectId,NUMBER,,38,0,0,3,0
EmployeeLevel_06Sep2023,LevelNumber,NUMBER,,38,0,0,4,0
EmployeeLevel_06Sep2023,IsAdmin,BOOLEAN,,,,0,5,0
EmployeeLevel_06Sep2023,IsReportUser,BOOLEAN,,,,1,6,0
EmployeeLevel_06Sep2023,IsActive,BOOLEAN,,,,0,7,0
EmployeeLevel_16122024,Id,TEXT,255,,,0,1,0
EmployeeLevel_16122024,EmployeeId,TEXT,255,,,0,2,0
EmployeeLevel_16122024,ClientProjectId,NUMBER,,38,0,0,3,0
EmployeeLevel_16122024,LevelNumber,NUMBER,,38,0,0,4,0
EmployeeLevel_16122024,IsAdmin,BOOLEAN,,,,0,5,0
EmployeeLevel_16122024,IsReportUser,BOOLEAN,,,,1,6,0
EmployeeLevel_16122024,IsActive,BOOLEAN,,,,0,7,0
EmployeeLevel_InActive,Id,TEXT,255,,,1,1,0
EmployeeLevel_InActive,EmployeeId,TEXT,255,,,0,2,0
EmployeeLevel_InActive,ClientProjectId,NUMBER,,38,0,0,3,0
EmployeeLevel_InActive,LevelNumber,NUMBER,,38,0,0,4,0
EmployeeLevel_InActive,IsAdmin,BOOLEAN,,,,0,5,0
EmployeeLevel_InActive,IsReportUser,BOOLEAN,,,,1,6,0
EmployeeLevel_InActive,IsActive,BOOLEAN,,,,0,7,0
EmployeeLevel_InActive,Emp_InactiveId,NUMBER,,38,0,0,8,0
ErrorLogs,ID,NUMBER,,38,0,0,1,0
ErrorLogs,UserName,TEXT,128,,,1,2,0
ErrorLogs,TimeStamp,TIMESTAMP_NTZ,,,,1,3,0
ErrorLogs,MessageType,TEXT,50,,,1,4,0
ErrorLogs,Message,TEXT,16777216,,,1,5,0
ErrorLogs,Module,TEXT,16777216,,,1,6,0
ErrorLogs,FromIP,TEXT,20,,,1,7,0
ErrorLogs,LogType,TEXT,30,,,1,8,0
Errorlog,id,NUMBER,,38,0,0,1,0
Errorlog,create_date,TIMESTAMP_NTZ,,,,1,2,0
Errorlog,error_procedure,TEXT,255,,,1,3,0
Errorlog,error_number,NUMBER,,38,0,1,4,0
Errorlog,error_line,TEXT,255,,,1,5,0
Errorlog,error_message,TEXT,2000,,,1,6,0
Errorlog,reference,TEXT,128,,,1,7,0
Import Template,ClientKey,TEXT,50,,,1,1,0
Import Template,ProjectKey,TEXT,50,,,1,2,0
Import Template,Queue,TEXT,50,,,1,3,0
Import Template,Market,TEXT,50,,,1,4,0
Import Template,File Name,TEXT,50,,,1,5,0
Import Template,GMPI,TEXT,50,,,1,6,0
Import Template,Import Date,TEXT,50,,,1,7,0
Import Template,Page,TEXT,50,,,1,8,0
Import Template,Specialty,TEXT,50,,,1,9,0
Import Template,Complexity,TEXT,50,,,1,10,0
Import Template,Clinic,TEXT,50,,,1,11,0
Import Template,Emerald Barcode,TEXT,50,,,1,12,0
Import Template,ChartType,TEXT,50,,,1,13,0
JobsConfig,ID,NUMBER,,38,0,0,1,0
JobsConfig,JobName,TEXT,255,,,0,2,0
JobsConfig,ConfigName,TEXT,255,,,0,3,0
JobsConfig,ConfigValue,TEXT,255,,,0,4,0
LogDetails,Id,NUMBER,,38,0,0,1,0
LogDetails,UserID,TEXT,255,,,1,2,0
LogDetails,PageName,TEXT,255,,,1,3,0
LogDetails,EventType,TEXT,255,,,1,4,0
LogDetails,Message,TEXT,255,,,1,5,0
LogDetails,SessionID,TEXT,255,,,1,6,0
LogDetails,sessiontime,TIMESTAMP_NTZ,,,,1,7,0
LogDetails,ClientProjectId,TEXT,50,,,1,8,0
Lookup,Id,NUMBER,,38,0,0,1,0
Lookup,ClientProjectId,NUMBER,,38,0,1,2,0
Lookup,Name,TEXT,255,,,0,3,0
Lookup,Category,TEXT,50,,,0,4,0
Lookup,DisplayOrder,NUMBER,,38,0,0,5,0
Lookup,IsActive,BOOLEAN,,,,1,6,0
Lookup_InActive,Id,NUMBER,,38,0,1,1,0
Lookup_InActive,ClientProjectId,NUMBER,,38,0,1,2,0
Lookup_InActive,Name,TEXT,255,,,0,3,0
Lookup_InActive,Category,TEXT,50,,,0,4,0
Lookup_InActive,DisplayOrder,NUMBER,,38,0,0,5,0
Lookup_InActive,IsActive,BOOLEAN,,,,1,6,0
Mail_lookup,id,NUMBER,,38,0,0,1,0
Mail_lookup,eventName,TEXT,300,,,0,2,0
Mail_lookup,fromMailId,TEXT,300,,,1,3,0
Mail_lookup,toMailId,TEXT,300,,,1,4,0
Mail_lookup,modifiedBy,TEXT,150,,,1,5,0
Mail_lookup,modifiedDate,TIMESTAMP_NTZ,,,,1,6,0
Optum_Chart_Update_stg,ClientProjectId,TEXT,255,,,1,1,0
Optum_Chart_Update_stg,ProjectKey,TEXT,10,,,1,2,0
Optum_Chart_Update_stg,Queue,TEXT,127,,,1,3,0
Optum_Chart_Update_stg,ClientReference,TEXT,20,,,1,4,0
Optum_Chart_Update_stg,FileName,TEXT,256,,,1,5,0
Optum_Chart_Update_stg,EmeraldBarcode,TEXT,255,,,1,6,0
Optum_Chart_Update_stg,ChartType,TEXT,255,,,1,7,0
Optum_Chart_Update_stg_bk,ClientProjectId,TEXT,255,,,1,1,0
Optum_Chart_Update_stg_bk,ProjectKey,TEXT,10,,,1,2,0
Optum_Chart_Update_stg_bk,Queue,TEXT,127,,,1,3,0
Optum_Chart_Update_stg_bk,ClientReference,TEXT,20,,,1,4,0
Optum_Chart_Update_stg_bk,FileName,TEXT,256,,,1,5,0
Optum_Chart_Update_stg_bk,EmeraldBarcode,TEXT,255,,,1,6,0
Optum_Chart_Update_stg_bk,ChartType,TEXT,255,,,1,7,0
PasswordHistory,Id,TEXT,255,,,0,1,0
PasswordHistory,Username,TEXT,128,,,1,2,0
PasswordHistory,Password,TEXT,64,,,1,3,0
PasswordHistory,LastUpdatedDate,TIMESTAMP_NTZ,,,,1,4,0
ProjectDeletion2025,id,NUMBER,,38,0,0,1,0
ProjectDeletion2025,clientprojectid,NUMBER,,38,0,0,2,0
ProjectDeletion2025,queue,TEXT,255,,,1,3,0
ProjectDeletion2025,client,TEXT,255,,,1,4,0
ProjectDeletion2025,clientkey,TEXT,20,,,1,5,0
ProjectDeletion2025,project,TEXT,255,,,1,6,0
ProjectDeletion2025,ProjectKey,TEXT,20,,,1,7,0
ReallocateChartUpdate,ChartId,FLOAT,,,,1,1,0
ReallocateChartUpdate,ClientKey,TEXT,127,,,1,2,0
ReallocateChartUpdate,Client,TEXT,127,,,1,3,0
ReallocateChartUpdate,ProjectKey,TEXT,127,,,1,4,0
ReallocateChartUpdate,Project,TEXT,127,,,1,5,0
ReallocateChartUpdate,Queue,TEXT,127,,,1,6,0
ReallocateChartUpdate,ClientMarket,TEXT,127,,,1,7,0
ReallocateChartUpdate,Reference,TEXT,127,,,1,8,0
ReallocateChartUpdate,GMPI,TEXT,127,,,1,9,0
ReallocateChartUpdate,Imported date,TIMESTAMP_NTZ,,,,1,10,0
ReallocateChartUpdate,ReceivedDate,TIMESTAMP_NTZ,,,,1,11,0
ReallocateChartUpdate,OverallStatus,TEXT,127,,,1,12,0
ReallocateChartUpdate,#Encounters,FLOAT,,,,1,13,0
ReallocateChartUpdate,L1StartDate,TIMESTAMP_NTZ,,,,1,14,0
ReallocateChartUpdate,L1EndDate,TIMESTAMP_NTZ,,,,1,15,0
ReallocateChartUpdate,L1TimeTaken,FLOAT,,,,1,16,0
ReallocateChartUpdate,L1Resource,TEXT,127,,,1,17,0
ReallocateChartUpdate,L1StatusComment,TEXT,127,,,1,18,0
ReallocateChartUpdate,L1NumberOfDxCodes,FLOAT,,,,1,19,0
ReallocateChartUpdate,Pages,TEXT,127,,,1,20,0
ReallocateChartUpdate,Range,TEXT,127,,,1,21,0
ReallocateChartUpdate,Imported date1,TIMESTAMP_NTZ,,,,1,22,0
ReallocateChartUpdate,ChartId1,FLOAT,,,,1,23,0
RefreshChartResult,ChartId,TEXT,255,,,0,1,0
RefreshChartResult,ClientKey,TEXT,20,,,1,2,0
RefreshChartResult,ProjectKey,TEXT,20,,,1,3,0
RefreshChartResult,OverallStatus,TEXT,512,,,1,4,0
RefreshChartResult,L1CompletionDate,TIMESTAMP_NTZ,,,,1,5,0
ReportScheduler_log,ReportId,TEXT,255,,,1,1,0
ReportScheduler_log,ReportName,TEXT,150,,,1,2,0
ReportScheduler_log,ReportStartTime,TIMESTAMP_NTZ,,,,1,3,0
ReportScheduler_log,ReportEndTime,TIMESTAMP_NTZ,,,,1,4,0
ReportScheduler_log,ReportRecordCount,NUMBER,,38,0,1,5,0
ReportScheduler_log,ReportFilePath,TEXT,500,,,1,6,0
ReportScheduler_log,ReportFileName,TEXT,150,,,1,7,0
ReportScheduler_log,ReportDurationSeconds,NUMBER,,38,0,1,8,0
ReportScheduler_log,ReportCreatedTime,TIMESTAMP_NTZ,,,,1,9,0
ReportScheduler_log,ReportError,TEXT,300,,,1,10,0
ReportScheduler_log,ReportMailSendTime,TIMESTAMP_NTZ,,,,1,11,0
ReportScheduler_log,ReportMailResponse,TEXT,500,,,1,12,0
ReportScheduler_log,ReportRequestUser,TEXT,150,,,1,13,0
ReportScheduler_log,Create_timestamp,TIMESTAMP_NTZ,,,,1,14,0
ReportScheduler_log,Update_timestamp,TIMESTAMP_NTZ,,,,1,15,0
ReportScheduler_log,Status,TEXT,50,,,1,16,0
ReportScheduler_log,ErrorMessage,TEXT,500,,,1,17,0
ReportScheduling,ID,NUMBER,,38,0,0,1,0
ReportScheduling,FromDate,TIMESTAMP_NTZ,,,,1,2,0
ReportScheduling,ToDate,TIMESTAMP_NTZ,,,,1,3,0
ReportScheduling,CurrentDate,BOOLEAN,,,,1,4,0
ReportScheduling,ClientProjectId,TEXT,16777216,,,1,5,0
ReportScheduling,ReportType,TEXT,50,,,1,6,0
ReportScheduling,UserID,TEXT,15,,,1,7,0
ReportScheduling,RequestDate,TIMESTAMP_NTZ,,,,1,8,0
ReportScheduling,IsMail,TEXT,1,,,1,9,0
ReportScheduling,IsActive,TEXT,1,,,1,10,0
ReportScheduling,IsOnce,TEXT,1,,,1,11,0
ReportScheduling,ByHour,TEXT,50,,,1,12,0
ReportScheduling,ByDay,TEXT,50,,,1,13,0
ReportScheduling,OnTime,TEXT,50,,,1,14,0
ReportScheduling,ChartDateType,TEXT,50,,,1,15,0
ReportScheduling,OverAllStatus,TEXT,512,,,1,16,0
ReportScheduling,LevelNumber,TEXT,50,,,1,17,0
ReportScheduling,AllEmployees,TEXT,256,,,1,18,0
ReportScheduling,InvoiceLevel,TEXT,50,,,1,19,0
ReportScheduling,Descriptions,TEXT,500,,,1,20,0
ReportScheduling,ClientKey,TEXT,20,,,1,21,0
ReportScheduling,IsAllQueue,BOOLEAN,,,,1,22,0
ReportScheduling,ExpirationDate,TEXT,255,,,1,23,0
ReportSchedulingPriorityOrder,ID,NUMBER,,38,0,0,1,0
ReportSchedulingPriorityOrder,ReportType,TEXT,10,,,1,2,0
ReportSchedulingPriorityOrder,SortOrder,NUMBER,,38,0,1,3,0
ReportScheduling_Archive,ID,NUMBER,,38,0,0,1,0
ReportScheduling_Archive,FromDate,TIMESTAMP_NTZ,,,,1,2,0
ReportScheduling_Archive,ToDate,TIMESTAMP_NTZ,,,,1,3,0
ReportScheduling_Archive,CurrentDate,BOOLEAN,,,,1,4,0
ReportScheduling_Archive,ClientProjectId,TEXT,500,,,1,5,0
ReportScheduling_Archive,ReportType,TEXT,50,,,1,6,0
ReportScheduling_Archive,UserID,TEXT,15,,,1,7,0
ReportScheduling_Archive,RequestDate,TIMESTAMP_NTZ,,,,1,8,0
ReportScheduling_Archive,IsMail,TEXT,1,,,1,9,0
ReportScheduling_Archive,IsActive,TEXT,1,,,1,10,0
ReportScheduling_Archive,IsOnce,TEXT,1,,,1,11,0
ReportScheduling_Archive,ByHour,TEXT,50,,,1,12,0
ReportScheduling_Archive,ByDay,TEXT,50,,,1,13,0
ReportScheduling_Archive,OnTime,TEXT,50,,,1,14,0
ReportScheduling_Archive,ChartDateType,TEXT,50,,,1,15,0
ReportScheduling_Archive,OverAllStatus,TEXT,512,,,1,16,0
ReportScheduling_Archive,LevelNumber,TEXT,50,,,1,17,0
ReportScheduling_Archive,AllEmployees,TEXT,256,,,1,18,0
ReportScheduling_Archive,InvoiceLevel,TEXT,50,,,1,19,0
ReportScheduling_Archive,Descriptions,TEXT,500,,,1,20,0
SF_EPS_Headers_V3  noprojn,ChartId,TEXT,50,,,1,1,0
SF_EPS_Headers_V3  noprojn,ClientKey,TEXT,50,,,1,2,0
SF_EPS_Headers_V3  noprojn,Client,TEXT,50,,,1,3,0
SF_EPS_Headers_V3  noprojn,ProjectKey,TEXT,50,,,1,4,0
SF_EPS_Headers_V3  noprojn,LocalQueue,TEXT,50,,,1,5,0
SF_EPS_Headers_V3  noprojn,ClientMarket,TEXT,50,,,1,6,0
SF_EPS_Headers_V3  noprojn,Reference,TEXT,50,,,1,7,0
SF_EPS_Headers_V3  noprojn,FileName,TEXT,50,,,1,8,0
SF_EPS_Headers_V3  noprojn,Importeddate,TEXT,50,,,1,9,0
SF_EPS_Headers_V3  noprojn,ReceivedDate,TEXT,50,,,1,10,0
SF_EPS_Headers_V3  noprojn,OverallStatus,TEXT,50,,,1,11,0
SF_EPS_Headers_V3  noprojn,Encounters,TEXT,50,,,1,12,0
SF_EPS_Headers_V3  noprojn,L1StartDate,TEXT,50,,,1,13,0
SF_EPS_Headers_V3  noprojn,L1EndDate,TEXT,50,,,1,14,0
SF_EPS_Headers_V3  noprojn,L1TimeTaken,TEXT,50,,,1,15,0
SF_EPS_Headers_V3  noprojn,L1EmpID,TEXT,50,,,1,16,0
SF_EPS_Headers_V3  noprojn,L1Resource,TEXT,50,,,1,17,0
SF_EPS_Headers_V3  noprojn,L1StatusComment,TEXT,50,,,1,18,0
SF_EPS_Headers_V3  noprojn,L1NumberOfDxCodes,TEXT,50,,,1,19,0
SF_EPS_Headers_V3  noprojn,L2StartDate,TEXT,50,,,1,20,0
SF_EPS_Headers_V3  noprojn,L2EndDate,TEXT,50,,,1,21,0
SF_EPS_Headers_V3  noprojn,L2TimeTaken,TEXT,50,,,1,22,0
SF_EPS_Headers_V3  noprojn,L2EmpID,TEXT,50,,,1,23,0
SF_EPS_Headers_V3  noprojn,L2Resource,TEXT,50,,,1,24,0
SF_EPS_Headers_V3  noprojn,L2StatusComment,TEXT,50,,,1,25,0
SF_EPS_Headers_V3  noprojn,L2NumberOfDxCodes,TEXT,50,,,1,26,0
SF_EPS_Headers_V3  noprojn,L3StartDate,TEXT,50,,,1,27,0
SF_EPS_Headers_V3  noprojn,L3EndDate,TEXT,50,,,1,28,0
SF_EPS_Headers_V3  noprojn,L3TimeTaken,TEXT,50,,,1,29,0
SF_EPS_Headers_V3  noprojn,L3EmpID,TEXT,50,,,1,30,0
SF_EPS_Headers_V3  noprojn,L3Resource,TEXT,50,,,1,31,0
SF_EPS_Headers_V3  noprojn,L3StatusComment,TEXT,50,,,1,32,0
SF_EPS_Headers_V3  noprojn,L3NumberOfDxCodes,TEXT,50,,,1,33,0
SF_EPS_Headers_V3  noprojn,L1StickyNotes,TEXT,50,,,1,34,0
SF_EPS_Headers_V3  noprojn,L2StickyNotes,TEXT,50,,,1,35,0
SF_EPS_Headers_V3  noprojn,L3StickyNotes,TEXT,50,,,1,36,0
SF_EPS_Headers_V3  noprojn,Page,TEXT,50,,,1,37,0
SF_EPS_Headers_V3  noprojn,Specialty,TEXT,50,,,1,38,0
SF_EPS_Headers_V3  noprojn,Complexity,TEXT,50,,,1,39,0
SF_EPS_Headers_V3  noprojn,Clinic,TEXT,50,,,1,40,0
SF_EPS_Headers_V3  noprojn,MCCInvoiceDate,TEXT,50,,,1,41,0
SF_EPS_Headers_V3  noprojn,BillingSpecifics,TEXT,50,,,1,42,0
SF_EPS_Headers_V3  noprojn,MCCEpisourceInvoice,TEXT,50,,,1,43,0
SF_EPS_Headers_V3  noprojn,MCC_NotInvoicedReason,TEXT,50,,,1,44,0
SF_EPS_Headers_V3  noprojn,L1CompletionDate,TEXT,50,,,1,45,0
SF_EPS_Headers_V3  noprojn,L1InvalidDate,TEXT,50,,,1,46,0
SF_EPS_Headers_V3  noprojn,L1HoldDate,TEXT,50,,,1,47,0
SF_EPS_Headers_V3  noprojn,L2CompletionDate,TEXT,50,,,1,48,0
SF_EPS_Headers_V3  noprojn,L2InvalidDate,TEXT,50,,,1,49,0
SF_EPS_Headers_V3  noprojn,L2HoldDate,TEXT,50,,,1,50,0
SF_EPS_Headers_V3  noprojn,L3CompletionDate,TEXT,50,,,1,51,0
SF_EPS_Headers_V3  noprojn,L3InvalidDate,TEXT,50,,,1,52,0
SF_EPS_Headers_V3  noprojn,L3HoldDate,TEXT,50,,,1,53,0
SF_EPS_Headers_V3  noprojn,AuditCount,TEXT,50,,,1,54,0
SF_EPS_Headers_V3  noprojn,AuditErrorCount,TEXT,50,,,1,55,0
SF_EPS_Headers_V3_CSv,ChartId,TEXT,50,,,1,1,0
SF_EPS_Headers_V3_CSv,ClientKey,TEXT,50,,,1,2,0
SF_EPS_Headers_V3_CSv,Client,TEXT,50,,,1,3,0
SF_EPS_Headers_V3_CSv,ProjectKey,TEXT,50,,,1,4,0
SF_EPS_Headers_V3_CSv,ProjectName,TEXT,500,,,1,5,0
SF_EPS_Headers_V3_CSv,LocalQueue,TEXT,150,,,1,6,0
SF_EPS_Headers_V3_CSv,ClientMarket,TEXT,50,,,1,7,0
SF_EPS_Headers_V3_CSv,Reference,TEXT,50,,,1,8,0
SF_EPS_Headers_V3_CSv,FileName,TEXT,150,,,1,9,0
SF_EPS_Headers_V3_CSv,Importeddate,TEXT,50,,,1,10,0
SF_EPS_Headers_V3_CSv,ReceivedDate,TEXT,50,,,1,11,0
SF_EPS_Headers_V3_CSv,OverallStatus,TEXT,50,,,1,12,0
SF_EPS_Headers_V3_CSv,Encounters,TEXT,50,,,1,13,0
SF_EPS_Headers_V3_CSv,L1StartDate,TEXT,50,,,1,14,0
SF_EPS_Headers_V3_CSv,L1EndDate,TEXT,50,,,1,15,0
SF_EPS_Headers_V3_CSv,L1TimeTaken,TEXT,50,,,1,16,0
SF_EPS_Headers_V3_CSv,L1EmpID,TEXT,50,,,1,17,0
SF_EPS_Headers_V3_CSv,L1Resource,TEXT,50,,,1,18,0
SF_EPS_Headers_V3_CSv,L1StatusComment,TEXT,50,,,1,19,0
SF_EPS_Headers_V3_CSv,L1NumberOfDxCodes,TEXT,50,,,1,20,0
SF_EPS_Headers_V3_CSv,L2StartDate,TEXT,50,,,1,21,0
SF_EPS_Headers_V3_CSv,L2EndDate,TEXT,50,,,1,22,0
SF_EPS_Headers_V3_CSv,L2TimeTaken,TEXT,50,,,1,23,0
SF_EPS_Headers_V3_CSv,L2EmpID,TEXT,50,,,1,24,0
SF_EPS_Headers_V3_CSv,L2Resource,TEXT,50,,,1,25,0
SF_EPS_Headers_V3_CSv,L2StatusComment,TEXT,50,,,1,26,0
SF_EPS_Headers_V3_CSv,L2NumberOfDxCodes,TEXT,50,,,1,27,0
SF_EPS_Headers_V3_CSv,L3StartDate,TEXT,50,,,1,28,0
SF_EPS_Headers_V3_CSv,L3EndDate,TEXT,50,,,1,29,0
SF_EPS_Headers_V3_CSv,L3TimeTaken,TEXT,50,,,1,30,0
SF_EPS_Headers_V3_CSv,L3EmpID,TEXT,50,,,1,31,0
SF_EPS_Headers_V3_CSv,L3Resource,TEXT,50,,,1,32,0
SF_EPS_Headers_V3_CSv,L3StatusComment,TEXT,50,,,1,33,0
SF_EPS_Headers_V3_CSv,L3NumberOfDxCodes,TEXT,50,,,1,34,0
SF_EPS_Headers_V3_CSv,L1StickyNotes,TEXT,50,,,1,35,0
SF_EPS_Headers_V3_CSv,L2StickyNotes,TEXT,50,,,1,36,0
SF_EPS_Headers_V3_CSv,L3StickyNotes,TEXT,50,,,1,37,0
SF_EPS_Headers_V3_CSv,Page,TEXT,50,,,1,38,0
SF_EPS_Headers_V3_CSv,Specialty,TEXT,50,,,1,39,0
SF_EPS_Headers_V3_CSv,Complexity,TEXT,50,,,1,40,0
SF_EPS_Headers_V3_CSv,Clinic,TEXT,50,,,1,41,0
SF_EPS_Headers_V3_CSv,MCCInvoiceDate,TEXT,50,,,1,42,0
SF_EPS_Headers_V3_CSv,BillingSpecifics,TEXT,50,,,1,43,0
SF_EPS_Headers_V3_CSv,MCCEpisourceInvoice,TEXT,50,,,1,44,0
SF_EPS_Headers_V3_CSv,MCC_NotInvoicedReason,TEXT,50,,,1,45,0
SF_EPS_Headers_V3_CSv,L1CompletionDate,TEXT,50,,,1,46,0
SF_EPS_Headers_V3_CSv,L1InvalidDate,TEXT,50,,,1,47,0
SF_EPS_Headers_V3_CSv,L1HoldDate,TEXT,50,,,1,48,0
SF_EPS_Headers_V3_CSv,L2CompletionDate,TEXT,50,,,1,49,0
SF_EPS_Headers_V3_CSv,L2InvalidDate,TEXT,50,,,1,50,0
SF_EPS_Headers_V3_CSv,L2HoldDate,TEXT,50,,,1,51,0
SF_EPS_Headers_V3_CSv,L3CompletionDate,TEXT,50,,,1,52,0
SF_EPS_Headers_V3_CSv,L3InvalidDate,TEXT,50,,,1,53,0
SF_EPS_Headers_V3_CSv,L3HoldDate,TEXT,50,,,1,54,0
SF_EPS_Headers_V3_CSv,AuditCount,TEXT,50,,,1,55,0
SF_EPS_Headers_V3_CSv,AuditErrorCount,TEXT,50,,,1,56,0
SSISConfigurations_EPS,ConfigurationFilter,TEXT,127,,,0,1,0
SSISConfigurations_EPS,ConfiguredValue,TEXT,127,,,1,2,0
SSISConfigurations_EPS,PackagePath,TEXT,127,,,0,3,0
SSISConfigurations_EPS,ConfiguredValueType,TEXT,10,,,0,4,0
SetPriority,FromData,TEXT,255,,,1,1,0
SetPriority,ToData,TEXT,255,,,1,2,0
SetPriority,Priority,NUMBER,,38,0,1,3,0
SetPriority,ClientProjectID,NUMBER,,38,0,1,4,0
SetPriority,PriorityType,NUMBER,,38,0,1,5,0
SheetQueue,S#No,FLOAT,,,,1,1,0
SheetQueue,2024 Project Key,FLOAT,,,,1,2,0
SheetQueue,Project Name,TEXT,127,,,1,3,0
SheetQueue,2024 queue Name,TEXT,127,,,1,4,0
SheetQueue,2025 Project Key,FLOAT,,,,1,5,0
SheetQueue,2025 Project Name,TEXT,127,,,1,6,0
SheetQueue,2025 Queue Name,TEXT,127,,,1,7,0
StageLogL2Backlog,Id,NUMBER,,38,0,0,1,0
StageLogL2Backlog,Error,TEXT,16777216,,,0,2,0
Stage_Chart_L2_Backlog,Id,TEXT,255,,,0,1,0
Stage_Chart_L2_Backlog,ProjectKey,TEXT,20,,,0,2,0
Stage_Chart_L2_Backlog,Queue,TEXT,255,,,0,3,0
Stage_Chart_L2_Backlog,ChartId,TEXT,255,,,0,4,0
Stage_Chart_L2_Backlog,ClientKey,TEXT,255,,,0,5,0
Stage_Chart_L2_Backlog,ClientReference,TEXT,250,,,0,6,0
Stg_ChartAudit_Archive,Id,TEXT,255,,,0,1,0
Stg_ChartAudit_Archive,ChartMoreInfoId,TEXT,255,,,0,2,0
Stg_ChartAudit_Archive,PageNumbers,TEXT,50,,,0,3,0
Stg_ChartAudit_Archive,CorrectedValue,TEXT,50,,,0,4,0
Stg_ChartAudit_Archive,Comments,TEXT,16777216,,,0,5,0
Stg_ChartAudit_Archive,AdditionalComments,TEXT,16777216,,,1,6,0
Stg_ChartAudit_Archive,ErrorCategoryId,NUMBER,,38,0,0,7,0
Stg_ChartAudit_Archive,ErrorSubCategoryId,NUMBER,,38,0,0,8,0
Stg_ChartAudit_Archive,LastUpdatedDate,TIMESTAMP_NTZ,,,,1,9,0
Stg_ChartAudit_Archive,L3LevelDisagreeId,NUMBER,,38,0,1,10,0
Stg_ChartAudit_Archive,IsOpen,TEXT,2,,,1,11,0
Stg_ChartAudit_Archive,IsAgree,BOOLEAN,,,,1,12,0
Stg_ChartAudit_Archive,AgreeDisAgreeReason,TEXT,500,,,1,13,0
Stg_ChartAudit_Archive,Agreestatus,TEXT,50,,,1,14,0
Stg_ChartAudit_Archive,IsOpenAdmin,BOOLEAN,,,,1,15,0
Stg_ChartAudit_Archive,ErrorStatusAdmin,TEXT,255,,,1,16,0
Stg_ChartAudit_Archive,Rationale,TEXT,500,,,1,17,0
Stg_ChartAudit_Archive,AdminAuditedBy,TEXT,255,,,1,18,0
Stg_ChartAudit_Archive,AdminAuditedDate,TIMESTAMP_NTZ,,,,1,19,0
Stg_ChartAudit_Archive,FinalError,TEXT,15,,,1,20,0
Stg_ChartAudit_Archive,L1L2_ErrorClosingDate,TIMESTAMP_NTZ,,,,1,21,0
Stg_ChartAudit_Archive,PrimaryKeyID,NUMBER,,38,0,0,22,0
Stg_ChartInfo_Archive,Id,TEXT,255,,,0,1,0
Stg_ChartInfo_Archive,ClientProjectId,NUMBER,,38,0,0,2,0
Stg_ChartInfo_Archive,ClientMarket,TEXT,512,,,1,3,0
Stg_ChartInfo_Archive,ReceivedDate,TIMESTAMP_NTZ,,,,0,4,0
Stg_ChartInfo_Archive,ClientReference,TEXT,40,,,1,5,0
Stg_ChartInfo_Archive,FileName,TEXT,512,,,0,6,0
Stg_ChartInfo_Archive,NoOfPages,NUMBER,,38,0,1,7,0
Stg_ChartInfo_Archive,OverallStatus,TEXT,512,,,1,8,0
Stg_ChartInfo_Archive,UploadedDate,TIMESTAMP_NTZ,,,,0,9,0
Stg_ChartInfo_Archive,UploadedBy,TEXT,255,,,0,10,0
Stg_ChartInfo_Archive,Page,TEXT,10,,,1,11,0
Stg_ChartInfo_Archive,Specialty,TEXT,255,,,1,12,0
Stg_ChartInfo_Archive,Complexity,TEXT,255,,,1,13,0
Stg_ChartInfo_Archive,Clinic,TEXT,255,,,1,14,0
Stg_ChartMoreInfo_Archive,Id,TEXT,255,,,0,1,0
Stg_ChartMoreInfo_Archive,ChartId,TEXT,255,,,0,2,0
Stg_ChartMoreInfo_Archive,LevelStatusId,NUMBER,,38,0,0,3,0
Stg_ChartMoreInfo_Archive,LevelStatusCommentId,NUMBER,,38,0,1,4,0
Stg_ChartMoreInfo_Archive,LevelUpdatedBy,TEXT,255,,,0,5,0
Stg_ChartMoreInfo_Archive,LevelNumber,NUMBER,,38,0,0,6,0
Stg_ChartMoreInfo_Archive,LevelStartDate,TIMESTAMP_NTZ,,,,1,7,0
Stg_ChartMoreInfo_Archive,LevelEndDate,TIMESTAMP_NTZ,,,,1,8,0
Stg_ChartMoreInfo_Archive,NumberOfDxCode,NUMBER,,38,0,1,9,0
Stg_ChartMoreInfo_Archive,CompletionDate,TIMESTAMP_NTZ,,,,1,10,0
Stg_ChartMoreInfo_Archive,InvalidDate,TIMESTAMP_NTZ,,,,1,11,0
Stg_ChartMoreInfo_Archive,HoldDate,TIMESTAMP_NTZ,,,,1,12,0
Stg_ChartMoreInfo_Archive,StickyNotes,TEXT,3000,,,1,13,0
Stg_ChartProduction_Archive,Id,TEXT,255,,,0,1,0
Stg_ChartProduction_Archive,ChartMoreInfoId,TEXT,255,,,1,2,0
Stg_ChartProduction_Archive,LevelNumber,NUMBER,,38,0,1,3,0
Stg_ChartProduction_Archive,StartDatetime,TIMESTAMP_NTZ,,,,1,4,0
Stg_ChartProduction_Archive,EndDatetime,TIMESTAMP_NTZ,,,,1,5,0
Stg_ChartProduction_Archive,LevelStatusId,NUMBER,,38,0,1,6,0
Stg_ChartProduction_Archive,LevelStatusCommentId,NUMBER,,38,0,1,7,0
Stg_ChartProduction_Archive,LevelUpdatedBy,TEXT,255,,,0,8,0
TempAdminUserAccessRevoke,UserName,TEXT,15,,,1,1,0
TempAdminUserAccessRevoke,Project,TEXT,255,,,1,2,0
TempAdminUserAccessRevoke,Queue,TEXT,255,,,1,3,0
TempAdminUserAccessRevoke,LevelNumber,NUMBER,,38,0,1,4,0
TempAdminUserAccessRevoke,ClientProjectID,TEXT,255,,,1,5,0
TempAdminUserAccessRevoke,EmployeeID,TEXT,255,,,1,6,0
TempChartPageNo_19Oct2023,ChartID,TEXT,255,,,0,1,0
TempChartPageNo_19Oct2023,Page,TEXT,10,,,1,2,0
TempInactivateUserAccess,UserName,TEXT,15,,,1,1,0
TempInactivateUserAccess,Project,TEXT,255,,,1,2,0
TempInactivateUserAccess,Queue,TEXT,255,,,1,3,0
TempInactivateUserAccess,LevelNumber,NUMBER,,38,0,1,4,0
TempInactivateUserAccess,ClientProjectID,TEXT,255,,,1,5,0
TempInactivateUserAccess,EmployeeID,TEXT,255,,,1,6,0
Tmp_EpinSummaryChart,ChartId,TEXT,255,,,0,1,0
Tmp_EpinSummaryChart,Client,TEXT,255,,,1,2,0
Tmp_EpinSummaryChart,Project,TEXT,255,,,1,3,0
Tmp_EpinSummaryChart,ClientMarket,TEXT,512,,,1,4,0
Tmp_EpinSummaryChart,UploadedDate,TIMESTAMP_NTZ,,,,0,5,0
Tmp_EpinSummaryChart,ReceivedDate,TIMESTAMP_NTZ,,,,0,6,0
Tmp_EpinSummaryChart,OverallStatus,TEXT,512,,,1,7,0
Tmp_EpinSummaryChart,L1StartDate,TIMESTAMP_NTZ,,,,1,8,0
Tmp_EpinSummaryChart,L1EndDate,TIMESTAMP_NTZ,,,,1,9,0
Tmp_EpinSummaryChart,L1TimeTaken,NUMBER,,38,0,1,10,0
Tmp_EpinSummaryChart,L1FirstName,TEXT,255,,,1,11,0
Tmp_EpinSummaryChart,L1LastName,TEXT,255,,,1,12,0
Tmp_EpinSummaryChart,L1UserName,TEXT,128,,,1,13,0
Tmp_EpinSummaryChart,L1NumberOfDxCodes,NUMBER,,38,0,1,14,0
Tmp_EpinSummaryChart,L2StartDate,TIMESTAMP_NTZ,,,,1,15,0
Tmp_EpinSummaryChart,L2EndDate,TIMESTAMP_NTZ,,,,1,16,0
Tmp_EpinSummaryChart,L2TimeTaken,NUMBER,,38,0,1,17,0
Tmp_EpinSummaryChart,L2FirstName,TEXT,255,,,1,18,0
Tmp_EpinSummaryChart,L2LastName,TEXT,255,,,1,19,0
Tmp_EpinSummaryChart,L2UserName,TEXT,128,,,1,20,0
Tmp_EpinSummaryChart,L2NumberOfDxCodes,NUMBER,,38,0,1,21,0
Tmp_EpinSummaryChart,L3StartDate,TIMESTAMP_NTZ,,,,1,22,0
Tmp_EpinSummaryChart,L3EndDate,TIMESTAMP_NTZ,,,,1,23,0
Tmp_EpinSummaryChart,L3TimeTaken,NUMBER,,38,0,1,24,0
Tmp_EpinSummaryChart,L3FirstName,TEXT,255,,,1,25,0
Tmp_EpinSummaryChart,L3LastName,TEXT,255,,,1,26,0
Tmp_EpinSummaryChart,L3UserName,TEXT,128,,,1,27,0
Tmp_EpinSummaryChart,L3NumberOfDxCodes,NUMBER,,38,0,1,28,0
Tmp_EpinSummaryChart,AuditCount,NUMBER,,38,0,1,29,0
Tmp_EpinSummaryChart,L1CompletionDate,TIMESTAMP_NTZ,,,,1,30,0
Tmp_EpinSummaryChart,L1InvalidDate,TIMESTAMP_NTZ,,,,1,31,0
Tmp_EpinSummaryChart,L1HoldDate,TIMESTAMP_NTZ,,,,1,32,0
Tmp_EpinSummaryChart,L2CompletionDate,TIMESTAMP_NTZ,,,,1,33,0
Tmp_EpinSummaryChart,L2InvalidDate,TIMESTAMP_NTZ,,,,1,34,0
Tmp_EpinSummaryChart,L2HoldDate,TIMESTAMP_NTZ,,,,1,35,0
Tmp_EpinSummaryChart,L3CompletionDate,TIMESTAMP_NTZ,,,,1,36,0
Tmp_EpinSummaryChart,L3InvalidDate,TIMESTAMP_NTZ,,,,1,37,0
Tmp_EpinSummaryChart,L3HoldDate,TIMESTAMP_NTZ,,,,1,38,0
Tmp_EpinSummaryChart,AuditErrorCount,NUMBER,,38,0,1,39,0
Tmp_EpinSummaryChart,NoOfEncounters,NUMBER,,38,0,1,40,0
Tmp_EpinSummaryChart,ClientKey,TEXT,20,,,1,41,0
Tmp_EpinSummaryChart,ProjectKey,TEXT,20,,,1,42,0
UserAdminRemoveList,UserName,TEXT,127,,,1,1,0
UserAdminRemoveList,FirstName,TEXT,127,,,1,2,0
UserAdminRemoveList,LastName,TEXT,127,,,1,3,0
UserAdminRemoveList,Project,TEXT,127,,,1,4,0
UserAdminRemoveList,Queue,TEXT,127,,,1,5,0
UserAdminRemoveList,LocationName,TEXT,127,,,1,6,0
UserAdminRemoveList,ClientProjectId,NUMBER,,38,0,1,7,0
UserLastAccessedProject,ID,NUMBER,,38,0,0,1,0
UserLastAccessedProject,UserID,TEXT,150,,,0,2,0
UserLastAccessedProject,ClientProjectId,NUMBER,,38,0,0,3,0
UserLastAccessedProject,create_timestamp,TIMESTAMP_NTZ,,,,0,4,0
UserLastAccessedProject,Update_timestamp,TIMESTAMP_NTZ,,,,0,5,0
UserLogs,Id,NUMBER,,38,0,0,1,0
UserLogs,UserID,TEXT,150,,,1,2,0
UserLogs,PageName,TEXT,150,,,1,3,0
UserLogs,URL,TEXT,300,,,1,4,0
UserLogs,SessionID,TEXT,150,,,1,5,0
UserLogs,Sessiontime,TIMESTAMP_NTZ,,,,1,6,0
UserLogs,ClientProjectId,NUMBER,,38,0,1,7,0
UserLogs,BrowserName,TEXT,150,,,1,8,0
UserLogs,IPAddress,TEXT,150,,,1,9,0
UserLogs,Comment,TEXT,300,,,1,10,0
UserRemove_list,UserName,TEXT,127,,,1,1,0
UserRemove_list,FirstName,TEXT,127,,,1,2,0
UserRemove_list,LastName,TEXT,127,,,1,3,0
UserRemove_list,Project,TEXT,127,,,1,4,0
UserRemove_list,Queue,TEXT,127,,,1,5,0
UserRemove_list,LocationName,TEXT,127,,,1,6,0
UserRemove_list,LevelNumber,FLOAT,,,,1,7,0
UserRemove_list,IsAdmin,BOOLEAN,,,,0,8,0
UserRemove_list,IsReportUser,BOOLEAN,,,,0,9,0
UserRemove_list,Status,BOOLEAN,,,,0,10,0
UserRemove_list,IsLockedOut,BOOLEAN,,,,0,11,0
UserRemove_list,ClientProjectId,NUMBER,,38,0,1,12,0
User_DataRAP_AuditTrail,ID,NUMBER,,38,0,0,1,0
User_DataRAP_AuditTrail,DataRAPUserID,TEXT,250,,,1,2,0
User_DataRAP_AuditTrail,DataRAPPassword,TEXT,250,,,1,3,0
User_DataRAP_AuditTrail,RSATokenNo,TEXT,250,,,1,4,0
User_DataRAP_AuditTrail,eCWPassword,TEXT,250,,,1,5,0
User_DataRAP_AuditTrail,UserID,TEXT,250,,,1,6,0
User_DataRAP_AuditTrail,ClientProjectId,NUMBER,,38,0,1,7,0
User_DataRAP_AuditTrail,CreatedDate,TIMESTAMP_NTZ,,,,1,8,0
WellmedProjectRemap,ChartId,FLOAT,,,,1,1,0
WellmedProjectRemap,Client Key,TEXT,127,,,1,2,0
WellmedProjectRemap,Client,TEXT,127,,,1,3,0
WellmedProjectRemap,Project Key,TEXT,127,,,1,4,0
WellmedProjectRemap,Project,TEXT,127,,,1,5,0
WellmedProjectRemap,Queue,TEXT,127,,,1,6,0
WellmedProjectRemap,ClientMarket,TEXT,127,,,1,7,0
WellmedProjectRemap,Reference,TEXT,127,,,1,8,0
WellmedProjectRemap,GMPI,TEXT,127,,,1,9,0
WellmedProjectRemap,Imported date,TIMESTAMP_NTZ,,,,1,10,0
WellmedProjectRemap,ReceivedDate,TIMESTAMP_NTZ,,,,1,11,0
WellmedProjectRemap,OverallStatus,TEXT,127,,,1,12,0
WellmedProjectRemap,#Encounters,FLOAT,,,,1,13,0
WellmedProjectRemap,L1StartDate,TIMESTAMP_NTZ,,,,1,14,0
WellmedProjectRemap,L1EndDate,TIMESTAMP_NTZ,,,,1,15,0
WellmedProjectRemap,L1TimeTaken,FLOAT,,,,1,16,0
WellmedProjectRemap,L1Resource,TEXT,127,,,1,17,0
WellmedProjectRemap,L1StatusComment,TEXT,127,,,1,18,0
WellmedProjectRemap,L1NumberOfDxCodes,FLOAT,,,,1,19,0
WellmedProjectRemap,L2StartDate,TEXT,127,,,1,20,0
WellmedProjectRemap,L2EndDate,TEXT,127,,,1,21,0
WellmedProjectRemap,L2TimeTaken,TEXT,127,,,1,22,0
WellmedProjectRemap,L2Resource,TEXT,127,,,1,23,0
WellmedProjectRemap,L2StatusComment,TEXT,127,,,1,24,0
WellmedProjectRemap,L2NumberOfDxCodes,TEXT,127,,,1,25,0
WellmedProjectRemap,L2AuditCount,FLOAT,,,,1,26,0
WellmedProjectRemap,L2AdminAuditCount,FLOAT,,,,1,27,0
WellmedProjectRemap,L3StartDate,TEXT,127,,,1,28,0
WellmedProjectRemap,L3EndDate,TEXT,127,,,1,29,0
WellmedProjectRemap,L3TimeTaken,TEXT,127,,,1,30,0
WellmedProjectRemap,L3Resource,TEXT,127,,,1,31,0
WellmedProjectRemap,L3StatusComment,TEXT,127,,,1,32,0
WellmedProjectRemap,L3NumberOfDxCodes,TEXT,127,,,1,33,0
WellmedProjectRemap,L3AuditCount,FLOAT,,,,1,34,0
WellmedProjectRemap,L3AdminAuditCount,FLOAT,,,,1,35,0
WellmedProjectRemap,AuditCount,FLOAT,,,,1,36,0
WellmedProjectRemap,L1StickyNotes,TEXT,127,,,1,37,0
WellmedProjectRemap,L2StickyNotes,TEXT,127,,,1,38,0
WellmedProjectRemap,L3StickyNotes,TEXT,127,,,1,39,0
WellmedProjectRemap,Page,TEXT,127,,,1,40,0
WellmedProjectRemap,Specialty,TEXT,127,,,1,41,0
WellmedProjectRemap,Complexity,TEXT,127,,,1,42,0
WellmedProjectRemap,Clinic,TEXT,127,,,1,43,0
XStage_Chart,ClientProjectId,NUMBER,,38,0,1,1,0
XStage_Chart,ChartId,NUMBER,,38,0,1,2,0
XStage_Chart,ClientKey,TEXT,20,,,1,3,0
XStage_Chart,ProjectKey,TEXT,20,,,1,4,0
XStage_Chart,Client,TEXT,255,,,1,5,0
XStage_Chart,Project,TEXT,255,,,1,6,0
XStage_Chart,Uploadedby,TEXT,100,,,1,7,0
XStage_Chart,ClientReference,TEXT,40,,,1,8,0
XStage_Chart,FileName,TEXT,512,,,1,9,0
XStage_Chart,ReceivedDate,TIMESTAMP_NTZ,,,,1,10,0
Xtmp_chart,id,NUMBER,,38,0,0,1,0
activity_log,log_id,NUMBER,,38,0,0,1,0
activity_log,log_run_id,NUMBER,,38,0,1,2,0
activity_log,log_timestamp,TIMESTAMP_NTZ,,,,1,3,0
activity_log,log_message,TEXT,250,,,1,4,0
aspnet_Applications,ApplicationName,TEXT,128,,,0,1,0
aspnet_Applications,LoweredApplicationName,TEXT,128,,,0,2,0
aspnet_Applications,ApplicationId,TEXT,255,,,0,3,0
aspnet_Applications,Description,TEXT,128,,,1,4,0
aspnet_Membership,ApplicationId,TEXT,255,,,0,1,0
aspnet_Membership,UserId,TEXT,255,,,0,2,0
aspnet_Membership,Password,TEXT,64,,,0,3,0
aspnet_Membership,PasswordFormat,NUMBER,,38,0,0,4,0
aspnet_Membership,PasswordSalt,TEXT,64,,,0,5,0
aspnet_Membership,MobilePIN,TEXT,8,,,1,6,0
aspnet_Membership,Email,TEXT,128,,,1,7,0
aspnet_Membership,LoweredEmail,TEXT,128,,,1,8,0
aspnet_Membership,PasswordQuestion,TEXT,128,,,1,9,0
aspnet_Membership,PasswordAnswer,TEXT,64,,,1,10,0
aspnet_Membership,IsApproved,BOOLEAN,,,,0,11,0
aspnet_Membership,IsLockedOut,BOOLEAN,,,,0,12,0
aspnet_Membership,CreateDate,TIMESTAMP_NTZ,,,,0,13,0
aspnet_Membership,LastLoginDate,TIMESTAMP_NTZ,,,,0,14,0
aspnet_Membership,LastPasswordChangedDate,TIMESTAMP_NTZ,,,,0,15,0
aspnet_Membership,LastLockoutDate,TIMESTAMP_NTZ,,,,0,16,0
aspnet_Membership,FailedPasswordAttemptCount,NUMBER,,38,0,0,17,0
aspnet_Membership,FailedPasswordAttemptWindowStart,TIMESTAMP_NTZ,,,,0,18,0
aspnet_Membership,FailedPasswordAnswerAttemptCount,NUMBER,,38,0,0,19,0
aspnet_Membership,FailedPasswordAnswerAttemptWindowStart,TIMESTAMP_NTZ,,,,0,20,0
aspnet_Membership,Comment,TEXT,255,,,1,21,0
aspnet_Paths,ApplicationId,TEXT,255,,,0,1,0
aspnet_Paths,PathId,TEXT,255,,,0,2,0
aspnet_Paths,Path,TEXT,128,,,0,3,0
aspnet_Paths,LoweredPath,TEXT,128,,,0,4,0
aspnet_PersonalizationAllUsers,PathId,TEXT,255,,,0,1,0
aspnet_PersonalizationAllUsers,PageSettings,TEXT,255,,,0,2,0
aspnet_PersonalizationAllUsers,LastUpdatedDate,TIMESTAMP_NTZ,,,,0,3,0
aspnet_PersonalizationPerUser,Id,TEXT,255,,,0,1,0
aspnet_PersonalizationPerUser,PathId,TEXT,255,,,1,2,0
aspnet_PersonalizationPerUser,UserId,TEXT,255,,,1,3,0
aspnet_PersonalizationPerUser,PageSettings,TEXT,255,,,0,4,0
aspnet_PersonalizationPerUser,LastUpdatedDate,TIMESTAMP_NTZ,,,,0,5,0
aspnet_Profile,UserId,TEXT,255,,,0,1,0
aspnet_Profile,PropertyNames,TEXT,255,,,0,2,0
aspnet_Profile,PropertyValuesString,TEXT,255,,,0,3,0
aspnet_Profile,PropertyValuesBinary,TEXT,255,,,0,4,0
aspnet_Profile,LastUpdatedDate,TIMESTAMP_NTZ,,,,0,5,0
aspnet_Roles,ApplicationId,TEXT,255,,,0,1,0
aspnet_Roles,RoleId,TEXT,255,,,0,2,0
aspnet_Roles,RoleName,TEXT,128,,,0,3,0
aspnet_Roles,LoweredRoleName,TEXT,128,,,0,4,0
aspnet_Roles,Description,TEXT,128,,,1,5,0
aspnet_SchemaVersions,Feature,TEXT,64,,,0,1,0
aspnet_SchemaVersions,CompatibleSchemaVersion,TEXT,64,,,0,2,0
aspnet_SchemaVersions,IsCurrentVersion,BOOLEAN,,,,0,3,0
aspnet_Users,ApplicationId,TEXT,255,,,0,1,0
aspnet_Users,UserId,TEXT,255,,,0,2,0
aspnet_Users,UserName,TEXT,128,,,0,3,0
aspnet_Users,LoweredUserName,TEXT,128,,,0,4,0
aspnet_Users,MobileAlias,TEXT,8,,,1,5,0
aspnet_Users,IsAnonymous,BOOLEAN,,,,0,6,0
aspnet_Users,LastActivityDate,TIMESTAMP_NTZ,,,,0,7,0
aspnet_Users,OptumUserName,TEXT,128,,,1,8,0
aspnet_Users,OptumUserUpdated,TIMESTAMP_NTZ,,,,1,9,0
aspnet_UsersInRoles,UserId,TEXT,255,,,0,1,0
aspnet_UsersInRoles,RoleId,TEXT,255,,,0,2,0
aspnet_Users_15112024,ApplicationId,TEXT,255,,,0,1,0
aspnet_Users_15112024,UserId,TEXT,255,,,0,2,0
aspnet_Users_15112024,UserName,TEXT,128,,,0,3,0
aspnet_Users_15112024,LoweredUserName,TEXT,128,,,0,4,0
aspnet_Users_15112024,MobileAlias,TEXT,8,,,1,5,0
aspnet_Users_15112024,IsAnonymous,BOOLEAN,,,,0,6,0
aspnet_Users_15112024,LastActivityDate,TIMESTAMP_NTZ,,,,0,7,0
aspnet_Users_15112024,esplid,TEXT,300,,,1,8,0
aspnet_WebEvent_Events,EventId,TEXT,32,,,0,1,0
aspnet_WebEvent_Events,EventTimeUtc,TIMESTAMP_NTZ,,,,0,2,0
aspnet_WebEvent_Events,EventTime,TIMESTAMP_NTZ,,,,0,3,0
aspnet_WebEvent_Events,EventType,TEXT,128,,,0,4,0
aspnet_WebEvent_Events,EventSequence,NUMBER,,19,0,0,5,0
aspnet_WebEvent_Events,EventOccurrence,NUMBER,,19,0,0,6,0
aspnet_WebEvent_Events,EventCode,NUMBER,,38,0,0,7,0
aspnet_WebEvent_Events,EventDetailCode,NUMBER,,38,0,0,8,0
aspnet_WebEvent_Events,Message,TEXT,512,,,1,9,0
aspnet_WebEvent_Events,ApplicationPath,TEXT,128,,,1,10,0
aspnet_WebEvent_Events,ApplicationVirtualPath,TEXT,128,,,1,11,0
aspnet_WebEvent_Events,MachineName,TEXT,128,,,0,12,0
aspnet_WebEvent_Events,RequestUrl,TEXT,512,,,1,13,0
aspnet_WebEvent_Events,ExceptionType,TEXT,128,,,1,14,0
aspnet_WebEvent_Events,Details,TEXT,255,,,1,15,0
chartbeforeupdate_240325,UploadedDate,TIMESTAMP_NTZ,,,,0,1,0
chartbeforeupdate_240325,receiveddate,TIMESTAMP_NTZ,,,,0,2,0
chartbeforeupdate_240325,LevelStartDate,TIMESTAMP_NTZ,,,,1,3,0
chartbeforeupdate_240325,LevelEndDate,TIMESTAMP_NTZ,,,,1,4,0
chartbeforeupdate_240325,NumberOfDxCode,NUMBER,,38,0,1,5,0
chartbeforeupdate_240325,completiondate,TIMESTAMP_NTZ,,,,1,6,0
chartbeforeupdate_240325,StartDatetime,TIMESTAMP_NTZ,,,,1,7,0
chartbeforeupdate_240325,EndDatetime,TIMESTAMP_NTZ,,,,1,8,0
chartbeforeupdate_240325,id,TEXT,255,,,0,9,0
collection_metadata,command,TEXT,2000,,,1,1,1
collection_metadata,collection_interval,TEXT,255,,,0,2,1
collection_metadata,oqs_mode,TEXT,20,,,0,3,1
collection_metadata,oqs_classic_db,TEXT,128,,,0,4,1
collection_metadata,oqs_maximum_size_mb,TEXT,255,,,0,5,1
collection_metadata,collection_active,BOOLEAN,,,,0,6,1
collection_metadata,execution_threshold,TEXT,255,,,0,7,1
collection_metadata,data_cleanup_active,BOOLEAN,,,,0,8,1
collection_metadata,data_cleanup_threshold,TEXT,255,,,0,9,1
collection_metadata,data_cleanup_throttle,TEXT,255,,,0,10,1
dealloc_1702,ChartId,FLOAT,,,,1,1,0
dealloc_1702,Client Key,TEXT,127,,,1,2,0
dealloc_1702,Client,TEXT,127,,,1,3,0
dealloc_1702,Project Key,TEXT,127,,,1,4,0
dealloc_1702,Project,TEXT,127,,,1,5,0
dealloc_1702,Queue,TEXT,127,,,1,6,0
dealloc_1702,ClientMarket,TEXT,127,,,1,7,0
dealloc_1702,Reference,TEXT,127,,,1,8,0
dealloc_1702,GMPI,TEXT,127,,,1,9,0
dealloc_1702,Imported date,TIMESTAMP_NTZ,,,,1,10,0
dealloc_1702,ReceivedDate,TIMESTAMP_NTZ,,,,1,11,0
dealloc_1702,OverallStatus,TEXT,127,,,1,12,0
dealloc_1702,#Encounters,FLOAT,,,,1,13,0
dealloc_1702,L1StartDate,TIMESTAMP_NTZ,,,,1,14,0
dealloc_1702,L1EndDate,TIMESTAMP_NTZ,,,,1,15,0
dealloc_1702,L1TimeTaken,FLOAT,,,,1,16,0
dealloc_1702,L1Resource,TEXT,127,,,1,17,0
dealloc_1702,L1StatusComment,TEXT,127,,,1,18,0
dealloc_1702,L1NumberOfDxCodes,FLOAT,,,,1,19,0
dealloc_1702,L2StartDate,TIMESTAMP_NTZ,,,,1,20,0
dealloc_1702,L2EndDate,TIMESTAMP_NTZ,,,,1,21,0
dealloc_1702,L2TimeTaken,FLOAT,,,,1,22,0
dealloc_1702,L2Resource,TEXT,127,,,1,23,0
dealloc_1702,L2StatusComment,TEXT,127,,,1,24,0
dealloc_1702,L2NumberOfDxCodes,FLOAT,,,,1,25,0
dealloc_1702,L2AuditCount,FLOAT,,,,1,26,0
dealloc_1702,L2AdminAuditCount,FLOAT,,,,1,27,0
dealloc_1702,L3StartDate,TEXT,127,,,1,28,0
dealloc_1702,L3EndDate,TEXT,127,,,1,29,0
dealloc_1702,L3TimeTaken,TEXT,127,,,1,30,0
dealloc_1702,L3Resource,TEXT,127,,,1,31,0
dealloc_1702,L3StatusComment,TEXT,127,,,1,32,0
dealloc_1702,L3NumberOfDxCodes,TEXT,127,,,1,33,0
dealloc_1702,L3AuditCount,FLOAT,,,,1,34,0
dealloc_1702,L3AdminAuditCount,FLOAT,,,,1,35,0
dealloc_1702,AuditCount,FLOAT,,,,1,36,0
dealloc_1702,L1StickyNotes,TEXT,127,,,1,37,0
dealloc_1702,L2StickyNotes,TEXT,127,,,1,38,0
dealloc_1702,L3StickyNotes,TEXT,127,,,1,39,0
dealloc_1702,Page,TEXT,127,,,1,40,0
dealloc_1702,Specialty,TEXT,127,,,1,41,0
dealloc_1702,Complexity,TEXT,127,,,1,42,0
dealloc_1702,Clinic,TEXT,127,,,1,43,0
dealloc_170224,Id,TEXT,255,,,0,1,0
dealloc_170224,ClientProjectId,NUMBER,,38,0,0,2,0
dealloc_170224,ClientMarket,TEXT,512,,,1,3,0
dealloc_170224,ReceivedDate,TIMESTAMP_NTZ,,,,0,4,0
dealloc_170224,ClientReference,TEXT,40,,,1,5,0
dealloc_170224,FileName,TEXT,512,,,0,6,0
dealloc_170224,NoOfPages,NUMBER,,38,0,1,7,0
dealloc_170224,OverallStatus,TEXT,512,,,1,8,0
dealloc_170224,UploadedDate,TIMESTAMP_NTZ,,,,0,9,0
dealloc_170224,UploadedBy,TEXT,255,,,0,10,0
dealloc_170224,Page,TEXT,10,,,1,11,0
dealloc_170224,Specialty,TEXT,255,,,1,12,0
dealloc_170224,Complexity,TEXT,255,,,1,13,0
dealloc_170224,Clinic,TEXT,255,,,1,14,0
dealloc_170224,NEWID,TEXT,36,,,1,15,0
dealloc_170224,Billing_Type,TEXT,250,,,1,16,0
dealloc_170224,Price_Per_Chart,NUMBER,,9,2,1,17,0
dealloc_170224,Invoice,TEXT,50,,,1,18,0
dealloc_170224,Invoice_Date,TEXT,255,,,1,19,0
dealloc_170224,Invoice_Comments,TEXT,250,,,1,20,0
dealloc_170224,EmeraldBarcode,TEXT,255,,,1,21,0
dealloc_170224,ChartType,TEXT,255,,,1,22,0
dealloc_170224,LastModifiedDate,TEXT,255,,,1,23,0
dealloc_170224,PriorityOrder,TEXT,255,,,1,24,0
deletedcharts_1702,ClientKey,TEXT,20,,,0,1,0
deletedcharts_1702,Client,TEXT,255,,,0,2,0
deletedcharts_1702,ProjectKey,TEXT,20,,,0,3,0
deletedcharts_1702,Project,TEXT,255,,,0,4,0
deletedcharts_1702,ChartId,TEXT,255,,,0,5,0
deletedcharts_1702,OverallStatus,TEXT,512,,,0,6,0
deletedcharts_1702,DeletedDate,TIMESTAMP_NTZ,,,,0,7,0
deletedcharts_1702,Uploadedby,TEXT,100,,,1,8,0
deletedcharts_1702,ClientReference,TEXT,30,,,1,9,0
deletedcharts_1702,FileName,TEXT,512,,,1,10,0
deletedcharts_1702,ReceivedDate,TIMESTAMP_NTZ,,,,1,11,0
deletedcharts_1702,ClientProjectId,NUMBER,,38,0,1,12,0
epi_refresh_results,ChartId,TEXT,255,,,0,1,0
epi_refresh_results,ClientKey,TEXT,20,,,1,2,0
epi_refresh_results,Client,TEXT,255,,,1,3,0
epi_refresh_results,ProjectKey,TEXT,20,,,1,4,0
epi_refresh_results,Project,TEXT,255,,,1,5,0
epi_refresh_results,ClientMarket,TEXT,512,,,1,6,0
epi_refresh_results,ClientReference,TEXT,40,,,1,7,0
epi_refresh_results,Filename,TEXT,512,,,0,8,0
epi_refresh_results,UploadedDate,TIMESTAMP_NTZ,,,,0,9,0
epi_refresh_results,ReceivedDate,TIMESTAMP_NTZ,,,,0,10,0
epi_refresh_results,OverallStatus,TEXT,512,,,1,11,0
epi_refresh_results,NoOfEncounters,NUMBER,,38,0,1,12,0
epi_refresh_results,L1StartDate,TIMESTAMP_NTZ,,,,1,13,0
epi_refresh_results,L1EndDate,TIMESTAMP_NTZ,,,,1,14,0
epi_refresh_results,L1TimeTaken,NUMBER,,38,0,1,15,0
epi_refresh_results,L1FirstName,TEXT,255,,,1,16,0
epi_refresh_results,L1LastName,TEXT,255,,,1,17,0
epi_refresh_results,L1UserName,TEXT,128,,,1,18,0
epi_refresh_results,L1StatusComment,TEXT,16777216,,,1,19,0
epi_refresh_results,L1NumberOfDxCodes,NUMBER,,38,0,1,20,0
epi_refresh_results,L2StartDate,TIMESTAMP_NTZ,,,,1,21,0
epi_refresh_results,L2EndDate,TIMESTAMP_NTZ,,,,1,22,0
epi_refresh_results,L2TimeTaken,NUMBER,,38,0,1,23,0
epi_refresh_results,L2FirstName,TEXT,255,,,1,24,0
epi_refresh_results,L2LastName,TEXT,255,,,1,25,0
epi_refresh_results,L2UserName,TEXT,128,,,1,26,0
epi_refresh_results,L2StatusComment,TEXT,16777216,,,1,27,0
epi_refresh_results,L2NumberOfDxCodes,NUMBER,,38,0,1,28,0
epi_refresh_results,L3StartDate,TIMESTAMP_NTZ,,,,1,29,0
epi_refresh_results,L3EndDate,TIMESTAMP_NTZ,,,,1,30,0
epi_refresh_results,L3TimeTaken,NUMBER,,38,0,1,31,0
epi_refresh_results,L3FirstName,TEXT,255,,,1,32,0
epi_refresh_results,L3LastName,TEXT,255,,,1,33,0
epi_refresh_results,L3UserName,TEXT,128,,,1,34,0
epi_refresh_results,L3StatusComment,TEXT,16777216,,,1,35,0
epi_refresh_results,L3NumberOfDxCodes,NUMBER,,38,0,1,36,0
epi_refresh_results,AuditCount,NUMBER,,38,0,1,37,0
epi_refresh_results,L1CompletionDate,TIMESTAMP_NTZ,,,,1,38,0
epi_refresh_results,L1InvalidDate,TIMESTAMP_NTZ,,,,1,39,0
epi_refresh_results,L1HoldDate,TIMESTAMP_NTZ,,,,1,40,0
epi_refresh_results,L2CompletionDate,TIMESTAMP_NTZ,,,,1,41,0
epi_refresh_results,L2InvalidDate,TIMESTAMP_NTZ,,,,1,42,0
epi_refresh_results,L2HoldDate,TIMESTAMP_NTZ,,,,1,43,0
epi_refresh_results,L3CompletionDate,TIMESTAMP_NTZ,,,,1,44,0
epi_refresh_results,L3InvalidDate,TIMESTAMP_NTZ,,,,1,45,0
epi_refresh_results,L3HoldDate,TIMESTAMP_NTZ,,,,1,46,0
epi_refresh_results,L1ProductionTimeCount,NUMBER,,38,0,1,47,0
epi_refresh_results,L2ProductionTimeCount,NUMBER,,38,0,1,48,0
epi_refresh_results,L3ProductionTimeCount,NUMBER,,38,0,1,49,0
eps_stagechartinfocombined_19032025,id,NUMBER,,38,0,0,1,0
eps_stagechartinfocombined_19032025,ClientProjectId,NUMBER,,38,0,1,2,0
eps_stagechartinfocombined_19032025,filenameeps,TEXT,512,,,0,3,0
eps_stagechartinfocombined_19032025,pageeps,TEXT,10,,,1,4,0
eps_stagechartinfocombined_19032025,Specialty,TEXT,255,,,1,5,0
eps_stagechartinfocombined_19032025,chartid,TEXT,255,,,1,6,0
eps_stagechartinfocombined_19032025,OverallStatus,TEXT,512,,,1,7,0
eps_stagechartinfocombined_19032025,chartpage,TEXT,10,,,1,8,0
excluded_queries,query_id,NUMBER,,38,0,0,1,0
fullRefresh_20190130,ChartId,TEXT,255,,,0,1,0
fullRefresh_20190130,Client,TEXT,255,,,1,2,0
fullRefresh_20190130,Project,TEXT,255,,,1,3,0
fullRefresh_20190130,ClientMarket,TEXT,512,,,1,4,0
fullRefresh_20190130,UploadedDate,TIMESTAMP_NTZ,,,,0,5,0
fullRefresh_20190130,ReceivedDate,TIMESTAMP_NTZ,,,,0,6,0
fullRefresh_20190130,OverallStatus,TEXT,512,,,1,7,0
fullRefresh_20190130,L1StartDate,TIMESTAMP_NTZ,,,,1,8,0
fullRefresh_20190130,L1EndDate,TIMESTAMP_NTZ,,,,1,9,0
fullRefresh_20190130,L1TimeTaken,NUMBER,,38,0,1,10,0
fullRefresh_20190130,L1FirstName,TEXT,255,,,1,11,0
fullRefresh_20190130,L1LastName,TEXT,255,,,1,12,0
fullRefresh_20190130,L1UserName,TEXT,128,,,1,13,0
fullRefresh_20190130,L1NumberOfDxCodes,NUMBER,,38,0,1,14,0
fullRefresh_20190130,L2StartDate,TIMESTAMP_NTZ,,,,1,15,0
fullRefresh_20190130,L2EndDate,TIMESTAMP_NTZ,,,,1,16,0
fullRefresh_20190130,L2TimeTaken,NUMBER,,38,0,1,17,0
fullRefresh_20190130,L2FirstName,TEXT,255,,,1,18,0
fullRefresh_20190130,L2LastName,TEXT,255,,,1,19,0
fullRefresh_20190130,L2UserName,TEXT,128,,,1,20,0
fullRefresh_20190130,L2NumberOfDxCodes,NUMBER,,38,0,1,21,0
fullRefresh_20190130,L3StartDate,TIMESTAMP_NTZ,,,,1,22,0
fullRefresh_20190130,L3EndDate,TIMESTAMP_NTZ,,,,1,23,0
fullRefresh_20190130,L3TimeTaken,NUMBER,,38,0,1,24,0
fullRefresh_20190130,L3FirstName,TEXT,255,,,1,25,0
fullRefresh_20190130,L3LastName,TEXT,255,,,1,26,0
fullRefresh_20190130,L3UserName,TEXT,128,,,1,27,0
fullRefresh_20190130,L3NumberOfDxCodes,NUMBER,,38,0,1,28,0
fullRefresh_20190130,AuditCount,NUMBER,,38,0,1,29,0
fullRefresh_20190130,L1CompletionDate,TIMESTAMP_NTZ,,,,1,30,0
fullRefresh_20190130,L1InvalidDate,TIMESTAMP_NTZ,,,,1,31,0
fullRefresh_20190130,L1HoldDate,TIMESTAMP_NTZ,,,,1,32,0
fullRefresh_20190130,L2CompletionDate,TIMESTAMP_NTZ,,,,1,33,0
fullRefresh_20190130,L2InvalidDate,TIMESTAMP_NTZ,,,,1,34,0
fullRefresh_20190130,L2HoldDate,TIMESTAMP_NTZ,,,,1,35,0
fullRefresh_20190130,L3CompletionDate,TIMESTAMP_NTZ,,,,1,36,0
fullRefresh_20190130,L3InvalidDate,TIMESTAMP_NTZ,,,,1,37,0
fullRefresh_20190130,L3HoldDate,TIMESTAMP_NTZ,,,,1,38,0
fullRefresh_20190130,AuditErrorCount,NUMBER,,38,0,1,39,0
fullRefresh_20190130,NoOfEncounters,NUMBER,,38,0,1,40,0
fullRefresh_20190130,ClientKey,TEXT,20,,,1,41,0
fullRefresh_20190130,ProjectKey,TEXT,20,,,1,42,0
intervals,interval_id,NUMBER,,38,0,0,1,0
intervals,interval_start,TIMESTAMP_NTZ,,,,1,2,0
intervals,interval_end,TIMESTAMP_NTZ,,,,1,3,0
inv_temp,ProjectKey,FLOAT,,,,1,1,0
inv_temp,Queue,TEXT,127,,,1,2,0
inv_temp,ClientReference,TEXT,16777216,,,1,3,0
inv_temp,FileName,TEXT,127,,,1,4,0
inv_temp,Billing_Type,TEXT,127,,,1,5,0
inv_temp,Price_Per_Chart,FLOAT,,,,1,6,0
inv_temp,Invoice_No,TEXT,16777216,,,1,7,0
inv_temp,Invoice_Date,TIMESTAMP_NTZ,,,,1,8,0
inv_temp,Invoice_Comments,TEXT,127,,,1,9,0
monitored_databases,database_name,TEXT,128,,,0,1,1
plan_dbid,plan_handle,TEXT,255,,,0,1,113
plan_dbid,dbid,NUMBER,,38,0,0,2,113
plans,plan_id,NUMBER,,38,0,0,1,260
plans,plan_MD5,TEXT,255,,,0,2,260
plans,plan_handle,TEXT,255,,,1,3,260
plans,plan_firstfound,TIMESTAMP_NTZ,,,,1,4,260
plans,plan_database,TEXT,150,,,1,5,260
plans,plan_refcounts,NUMBER,,38,0,1,6,260
plans,plan_usecounts,NUMBER,,38,0,1,7,260
plans,plan_sizeinbytes,NUMBER,,38,0,1,8,260
plans,plan_type,TEXT,50,,,1,9,260
plans,plan_objecttype,TEXT,20,,,1,10,260
plans,plan_executionplan,TEXT,255,,,1,11,260
plans,plan_optimization,TEXT,10,,,1,12,260
plans,xml_processed,NUMBER,,38,0,1,13,260
queries,query_id,NUMBER,,38,0,0,1,2116
queries,plan_id,NUMBER,,38,0,0,2,2116
queries,query_hash,TEXT,255,,,1,3,2116
queries,query_plan_MD5,TEXT,255,,,1,4,2116
queries,query_statement_text,TEXT,16777216,,,1,5,2116
queries,query_statement_start_offset,NUMBER,,38,0,1,6,2116
queries,query_statement_end_offset,NUMBER,,38,0,1,7,2116
queries,query_creation_time,TIMESTAMP_NTZ,,,,1,8,2116
query_runtime_stats,query_id,NUMBER,,38,0,0,1,2116
query_runtime_stats,interval_id,NUMBER,,38,0,0,2,2116
query_runtime_stats,creation_time,TIMESTAMP_NTZ,,,,0,3,2116
query_runtime_stats,last_execution_time,TIMESTAMP_NTZ,,,,0,4,2116
query_runtime_stats,execution_count,TEXT,255,,,0,5,2116
query_runtime_stats,total_elapsed_time,TEXT,255,,,0,6,2116
query_runtime_stats,last_elapsed_time,TEXT,255,,,0,7,2116
query_runtime_stats,min_elapsed_time,TEXT,255,,,0,8,2116
query_runtime_stats,max_elapsed_time,TEXT,255,,,0,9,2116
query_runtime_stats,avg_elapsed_time,TEXT,255,,,0,10,2116
query_runtime_stats,total_rows,TEXT,255,,,0,11,2116
query_runtime_stats,last_rows,TEXT,255,,,0,12,2116
query_runtime_stats,min_rows,TEXT,255,,,0,13,2116
query_runtime_stats,max_rows,TEXT,255,,,0,14,2116
query_runtime_stats,avg_rows,TEXT,255,,,0,15,2116
query_runtime_stats,total_worker_time,TEXT,255,,,0,16,2116
query_runtime_stats,last_worker_time,TEXT,255,,,0,17,2116
query_runtime_stats,min_worker_time,TEXT,255,,,0,18,2116
query_runtime_stats,max_worker_time,TEXT,255,,,0,19,2116
query_runtime_stats,avg_worker_time,TEXT,255,,,0,20,2116
query_runtime_stats,total_physical_reads,TEXT,255,,,0,21,2116
query_runtime_stats,last_physical_reads,TEXT,255,,,0,22,2116
query_runtime_stats,min_physical_reads,TEXT,255,,,0,23,2116
query_runtime_stats,max_physical_reads,TEXT,255,,,0,24,2116
query_runtime_stats,avg_physical_reads,TEXT,255,,,0,25,2116
query_runtime_stats,total_logical_reads,TEXT,255,,,0,26,2116
query_runtime_stats,last_logical_reads,TEXT,255,,,0,27,2116
query_runtime_stats,min_logical_reads,TEXT,255,,,0,28,2116
query_runtime_stats,max_logical_reads,TEXT,255,,,0,29,2116
query_runtime_stats,avg_logical_reads,TEXT,255,,,0,30,2116
query_runtime_stats,total_logical_writes,TEXT,255,,,0,31,2116
query_runtime_stats,last_logical_writes,TEXT,255,,,0,32,2116
query_runtime_stats,min_logical_writes,TEXT,255,,,0,33,2116
query_runtime_stats,max_logical_writes,TEXT,255,,,0,34,2116
query_runtime_stats,avg_logical_writes,TEXT,255,,,0,35,2116
refreshCharts,ChartId,TEXT,255,,,0,1,0
stg_chartpageupd,Chart ID,FLOAT,,,,1,1,0
stg_chartpageupd,ClientKey,TEXT,127,,,1,2,0
stg_chartpageupd,ProjectKey,TEXT,127,,,1,3,0
stg_chartpageupd,Queue,TEXT,127,,,1,4,0
stg_chartpageupd,ClientReference,TEXT,127,,,1,5,0
stg_chartpageupd,File Name,TEXT,127,,,1,6,0
stg_chartpageupd,NoOfPages,FLOAT,,,,1,7,0
stg_chartpageupd,Specialty,TEXT,127,,,1,8,0
sysdiagrams,name,TEXT,64,,,0,1,0
sysdiagrams,principal_id,NUMBER,,38,0,0,2,0
sysdiagrams,diagram_id,NUMBER,,38,0,0,3,0
sysdiagrams,version,NUMBER,,38,0,1,4,0
sysdiagrams,definition,TEXT,255,,,1,5,0
tbllog,Id,NUMBER,,38,0,0,1,0
tbllog,GudId,TEXT,300,,,1,2,0
tbllog,LogDate,TIMESTAMP_NTZ,,,,1,3,0
tbllog,LogDateEnd,TIMESTAMP_NTZ,,,,1,4,0
tempData,ProjectKey,TEXT,20,,,1,1,0
tempData,Project,TEXT,255,,,1,2,0
tempData,Client,TEXT,255,,,1,3,0
tempData,ClientKey,TEXT,20,,,1,4,0
tempData,NoOfPages,NUMBER,,38,0,1,5,0
tempData,Billing_Type,TEXT,250,,,1,6,0
tempData,Price_Per_Chart,NUMBER,,9,2,1,7,0
tempData,Invoice,TEXT,50,,,1,8,0
tempData,Invoice_Date,TEXT,255,,,1,9,0
tempData,Invoice_Comments,TEXT,250,,,1,10,0
tempData,OverallStatus,TEXT,512,,,1,11,0
tempData,L1StartDate,TIMESTAMP_NTZ,,,,1,12,0
tempData,L2StartDate,TIMESTAMP_NTZ,,,,1,13,0
tempData,L3StartDate,TIMESTAMP_NTZ,,,,1,14,0
tempData,L1EndDate,TIMESTAMP_NTZ,,,,1,15,0
tempData,L2EndDate,TIMESTAMP_NTZ,,,,1,16,0
tempData,L3EndDate,TIMESTAMP_NTZ,,,,1,17,0
tempData,L1TimeTaken,NUMBER,,38,0,1,18,0
tempData,L2TimeTaken,NUMBER,,38,0,1,19,0
tempData,L3TimeTaken,NUMBER,,38,0,1,20,0
tempData,L1Employeename,TEXT,511,,,1,21,0
tempData,L2Employeename,TEXT,511,,,1,22,0
tempData,L3Employeename,TEXT,511,,,1,23,0
tempData,L1EMPId,TEXT,128,,,1,24,0
tempData,L2EMPId,TEXT,128,,,1,25,0
tempData,L3EMPId,TEXT,128,,,1,26,0
tempResultRefresh,ChartId,TEXT,255,,,0,1,0
tempResultRefresh,ClientKey,TEXT,20,,,1,2,0
tempResultRefresh,Client,TEXT,255,,,1,3,0
tempResultRefresh,ProjectKey,TEXT,20,,,1,4,0
tempResultRefresh,Project,TEXT,255,,,1,5,0
tempResultRefresh,ClientMarket,TEXT,512,,,1,6,0
tempResultRefresh,ClientReference,TEXT,40,,,1,7,0
tempResultRefresh,Filename,TEXT,512,,,0,8,0
tempResultRefresh,UploadedDate,TIMESTAMP_NTZ,,,,0,9,0
tempResultRefresh,ReceivedDate,TIMESTAMP_NTZ,,,,0,10,0
tempResultRefresh,OverallStatus,TEXT,512,,,1,11,0
tempResultRefresh,NoOfEncounters,NUMBER,,38,0,1,12,0
tempResultRefresh,L1StartDate,TIMESTAMP_NTZ,,,,1,13,0
tempResultRefresh,L1EndDate,TIMESTAMP_NTZ,,,,1,14,0
tempResultRefresh,L1TimeTaken,NUMBER,,38,0,1,15,0
tempResultRefresh,L1FirstName,TEXT,255,,,1,16,0
tempResultRefresh,L1LastName,TEXT,255,,,1,17,0
tempResultRefresh,L1UserName,TEXT,128,,,1,18,0
tempResultRefresh,L1StatusComment,TEXT,16777216,,,1,19,0
tempResultRefresh,L1NumberOfDxCodes,NUMBER,,38,0,1,20,0
tempResultRefresh,L2StartDate,TIMESTAMP_NTZ,,,,1,21,0
tempResultRefresh,L2EndDate,TIMESTAMP_NTZ,,,,1,22,0
tempResultRefresh,L2TimeTaken,NUMBER,,38,0,1,23,0
tempResultRefresh,L2FirstName,TEXT,255,,,1,24,0
tempResultRefresh,L2LastName,TEXT,255,,,1,25,0
tempResultRefresh,L2UserName,TEXT,128,,,1,26,0
tempResultRefresh,L2StatusComment,TEXT,16777216,,,1,27,0
tempResultRefresh,L2NumberOfDxCodes,NUMBER,,38,0,1,28,0
tempResultRefresh,L3StartDate,TIMESTAMP_NTZ,,,,1,29,0
tempResultRefresh,L3EndDate,TIMESTAMP_NTZ,,,,1,30,0
tempResultRefresh,L3TimeTaken,NUMBER,,38,0,1,31,0
tempResultRefresh,L3FirstName,TEXT,255,,,1,32,0
tempResultRefresh,L3LastName,TEXT,255,,,1,33,0
tempResultRefresh,L3UserName,TEXT,128,,,1,34,0
tempResultRefresh,L3StatusComment,TEXT,16777216,,,1,35,0
tempResultRefresh,L3NumberOfDxCodes,NUMBER,,38,0,1,36,0
tempResultRefresh,AuditCount,NUMBER,,38,0,1,37,0
tempResultRefresh,L1CompletionDate,TIMESTAMP_NTZ,,,,1,38,0
tempResultRefresh,L1InvalidDate,TIMESTAMP_NTZ,,,,1,39,0
tempResultRefresh,L1HoldDate,TIMESTAMP_NTZ,,,,1,40,0
tempResultRefresh,L2CompletionDate,TIMESTAMP_NTZ,,,,1,41,0
tempResultRefresh,L2InvalidDate,TIMESTAMP_NTZ,,,,1,42,0
tempResultRefresh,L2HoldDate,TIMESTAMP_NTZ,,,,1,43,0
tempResultRefresh,L3CompletionDate,TIMESTAMP_NTZ,,,,1,44,0
tempResultRefresh,L3InvalidDate,TIMESTAMP_NTZ,,,,1,45,0
tempResultRefresh,L3HoldDate,TIMESTAMP_NTZ,,,,1,46,0
tempResultRefresh,L1ProductionTimeCount,NUMBER,,38,0,1,47,0
tempResultRefresh,L2ProductionTimeCount,NUMBER,,38,0,1,48,0
tempResultRefresh,L3ProductionTimeCount,NUMBER,,38,0,1,49,0
temp_chartID,id,TEXT,255,,,1,1,0
tmpResult,ChartId,TEXT,255,,,0,1,0
tmpResult,ClientKey,TEXT,20,,,1,2,0
tmpResult,ProjectKey,TEXT,20,,,1,3,0
tmpResult,OverallStatus,TEXT,512,,,1,4,0
tmpResult,L1CompletionDate,TIMESTAMP_NTZ,,,,1,5,0
vw_Fin_CostingExport_Jul_Aug,ProjectKey,TEXT,20,,,1,1,0
vw_Fin_CostingExport_Jul_Aug,Project,TEXT,255,,,1,2,0
vw_Fin_CostingExport_Jul_Aug,Client,TEXT,255,,,1,3,0
vw_Fin_CostingExport_Jul_Aug,ClientKey,TEXT,20,,,1,4,0
vw_Fin_CostingExport_Jul_Aug,NoOfPages,NUMBER,,38,0,1,5,0
vw_Fin_CostingExport_Jul_Aug,Billing_Type,TEXT,250,,,1,6,0
vw_Fin_CostingExport_Jul_Aug,Price_Per_Chart,NUMBER,,9,2,1,7,0
vw_Fin_CostingExport_Jul_Aug,FileName,TEXT,512,,,0,8,0
vw_Fin_CostingExport_Jul_Aug,Invoice,TEXT,50,,,1,9,0
vw_Fin_CostingExport_Jul_Aug,Invoice_Date,TEXT,255,,,1,10,0
vw_Fin_CostingExport_Jul_Aug,Invoice_Comments,TEXT,250,,,1,11,0
vw_Fin_CostingExport_Jul_Aug,OverallStatus,TEXT,512,,,1,12,0
vw_Fin_CostingExport_Jul_Aug,MMYY,TEXT,4,,,1,13,0
vw_Fin_CostingExport_Jul_Aug,L1StartDate,TIMESTAMP_NTZ,,,,1,14,0
vw_Fin_CostingExport_Jul_Aug,L2StartDate,TIMESTAMP_NTZ,,,,1,15,0
vw_Fin_CostingExport_Jul_Aug,L3StartDate,TIMESTAMP_NTZ,,,,1,16,0
vw_Fin_CostingExport_Jul_Aug,L1EndDate,TIMESTAMP_NTZ,,,,1,17,0
vw_Fin_CostingExport_Jul_Aug,L2EndDate,TIMESTAMP_NTZ,,,,1,18,0
vw_Fin_CostingExport_Jul_Aug,L3EndDate,TIMESTAMP_NTZ,,,,1,19,0
vw_Fin_CostingExport_Jul_Aug,L1TimeTaken,NUMBER,,38,0,1,20,0
vw_Fin_CostingExport_Jul_Aug,L2TimeTaken,NUMBER,,38,0,1,21,0
vw_Fin_CostingExport_Jul_Aug,L3TimeTaken,NUMBER,,38,0,1,22,0
vw_Fin_CostingExport_Jul_Aug,L1Employeename,TEXT,511,,,1,23,0
vw_Fin_CostingExport_Jul_Aug,L2Employeename,TEXT,511,,,1,24,0
vw_Fin_CostingExport_Jul_Aug,L3Employeename,TEXT,511,,,1,25,0
vw_Fin_CostingExport_Jul_Aug,L1EMPId,TEXT,128,,,1,26,0
vw_Fin_CostingExport_Jul_Aug,L2EMPId,TEXT,128,,,1,27,0
vw_Fin_CostingExport_Jul_Aug,L3EMPId,TEXT,128,,,1,28,0
wait_stats,interval_id,NUMBER,,38,0,0,1,98
wait_stats,wait_type,TEXT,60,,,0,2,98
wait_stats,waiting_tasks_count,TEXT,255,,,0,3,98
wait_stats,wait_time_ms,TEXT,255,,,0,4,98
wait_stats,max_wait_time_ms,TEXT,255,,,0,5,98
wait_stats,signal_wait_time_ms,TEXT,255,,,0,6,98
wait_type_filter,wait_type,TEXT,60,,,0,1,67
wait_type_filter,oqs_default,BOOLEAN,,,,0,2,67
